-- phpMyAdmin SQL Dump
-- version 5.0.1
-- https://www.phpmyadmin.net/
--
-- Host: 127.0.0.1
-- Generation Time: Jun 14, 2020 at 01:39 PM
-- Server version: 10.4.11-MariaDB
-- PHP Version: 7.2.28

SET SQL_MODE = "NO_AUTO_VALUE_ON_ZERO";
SET AUTOCOMMIT = 0;
START TRANSACTION;
SET time_zone = "+00:00";


/*!40101 SET @OLD_CHARACTER_SET_CLIENT=@@CHARACTER_SET_CLIENT */;
/*!40101 SET @OLD_CHARACTER_SET_RESULTS=@@CHARACTER_SET_RESULTS */;
/*!40101 SET @OLD_COLLATION_CONNECTION=@@COLLATION_CONNECTION */;
/*!40101 SET NAMES utf8mb4 */;

--
-- Database: `eapi`
--

-- --------------------------------------------------------

--
-- Table structure for table `failed_jobs`
--

CREATE TABLE `failed_jobs` (
  `id` bigint(20) UNSIGNED NOT NULL,
  `connection` text COLLATE utf8mb4_unicode_ci NOT NULL,
  `queue` text COLLATE utf8mb4_unicode_ci NOT NULL,
  `payload` longtext COLLATE utf8mb4_unicode_ci NOT NULL,
  `exception` longtext COLLATE utf8mb4_unicode_ci NOT NULL,
  `failed_at` timestamp NOT NULL DEFAULT current_timestamp()
) ENGINE=InnoDB DEFAULT CHARSET=utf8mb4 COLLATE=utf8mb4_unicode_ci;

-- --------------------------------------------------------

--
-- Table structure for table `migrations`
--

CREATE TABLE `migrations` (
  `id` int(10) UNSIGNED NOT NULL,
  `migration` varchar(191) COLLATE utf8mb4_unicode_ci NOT NULL,
  `batch` int(11) NOT NULL
) ENGINE=InnoDB DEFAULT CHARSET=utf8mb4 COLLATE=utf8mb4_unicode_ci;

--
-- Dumping data for table `migrations`
--

INSERT INTO `migrations` (`id`, `migration`, `batch`) VALUES
(1, '2014_10_12_000000_create_users_table', 1),
(2, '2019_08_19_000000_create_failed_jobs_table', 1),
(3, '2020_06_14_080845_create_products_table', 1),
(4, '2020_06_14_081002_create_reviews_table', 1);

-- --------------------------------------------------------

--
-- Table structure for table `products`
--

CREATE TABLE `products` (
  `id` int(10) UNSIGNED NOT NULL,
  `name` varchar(191) COLLATE utf8mb4_unicode_ci NOT NULL,
  `detail` text COLLATE utf8mb4_unicode_ci NOT NULL,
  `price` int(11) NOT NULL,
  `stock` int(11) NOT NULL,
  `discount` int(11) NOT NULL,
  `created_at` timestamp NULL DEFAULT NULL,
  `updated_at` timestamp NULL DEFAULT NULL
) ENGINE=InnoDB DEFAULT CHARSET=utf8mb4 COLLATE=utf8mb4_unicode_ci;

--
-- Dumping data for table `products`
--

INSERT INTO `products` (`id`, `name`, `detail`, `price`, `stock`, `discount`, `created_at`, `updated_at`) VALUES
(1, 'doloribus', 'Eaque aut eos et atque. Voluptatibus iste exercitationem doloremque rerum voluptatum nam nulla. Voluptas in qui et consequatur est. Distinctio facere rerum exercitationem.', 8391, 9, 22, '2020-06-14 05:54:37', '2020-06-14 05:54:37'),
(2, 'eum', 'Rem qui repellat ut ullam rem. Velit cumque veniam dignissimos quia esse dolorem. Est velit accusantium possimus quo. Dolorem sed non molestias omnis eum perspiciatis.', 333, 0, 18, '2020-06-14 05:54:37', '2020-06-14 05:54:37'),
(3, 'explicabo', 'Alias assumenda unde architecto nobis. Dolorem praesentium dicta rerum molestiae. Aut aut et laudantium dolore nostrum. Aut vitae numquam itaque voluptatem delectus ut.', 2127, 5, 17, '2020-06-14 05:54:37', '2020-06-14 05:54:37'),
(4, 'quo', 'Delectus fuga et sed doloribus. Beatae rem aut earum et quibusdam qui dignissimos unde. Et velit aliquid et dolores. Sequi ipsam distinctio voluptatem fuga officia quae. Cumque temporibus dolore dolores quia deleniti aut sed ipsum.', 2156, 3, 20, '2020-06-14 05:54:37', '2020-06-14 05:54:37'),
(5, 'quisquam', 'Est provident voluptatem ducimus. Ut nihil ad nulla est velit nihil quibusdam. Non quo sit illum aut voluptas similique non ipsum.', 3936, 2, 20, '2020-06-14 05:54:37', '2020-06-14 05:54:37'),
(6, 'et', 'Ipsum assumenda sed facere quo quis. Sed illum impedit in. Vel eum dolorum inventore consectetur enim aut in. Enim dolor explicabo et alias.', 4991, 4, 15, '2020-06-14 05:54:37', '2020-06-14 05:54:37'),
(7, 'alias', 'Voluptatem officia sed sapiente facilis. Distinctio sunt expedita beatae debitis ratione inventore quisquam.', 4434, 7, 19, '2020-06-14 05:54:37', '2020-06-14 05:54:37'),
(8, 'facilis', 'Reprehenderit ad et molestias. Hic modi eius vel non repellendus. Veniam nihil a eum hic aliquid. Et architecto quibusdam ducimus quod provident.', 740, 4, 17, '2020-06-14 05:54:38', '2020-06-14 05:54:38'),
(9, 'facere', 'Vero debitis voluptatem nihil magni. Aut voluptas sed modi rerum ea rerum quis. Mollitia dolorem ut possimus neque error neque reiciendis. Autem non laudantium aperiam ea voluptas autem id.', 1381, 8, 4, '2020-06-14 05:54:38', '2020-06-14 05:54:38'),
(10, 'beatae', 'Qui et et neque numquam in vel possimus placeat. Quibusdam ipsum officiis cupiditate ab ipsam quam. Laudantium deserunt corporis ut mollitia omnis autem.', 4940, 4, 16, '2020-06-14 05:54:38', '2020-06-14 05:54:38'),
(11, 'adipisci', 'In non eum culpa omnis quia eos provident. Sed quas atque delectus officia. Quae voluptatem qui asperiores aliquam.', 8856, 2, 28, '2020-06-14 05:54:38', '2020-06-14 05:54:38'),
(12, 'est', 'Quos est qui officiis nobis a. Et iste excepturi nobis ab voluptatem nihil. Dolore et voluptatibus deleniti quam ratione illo. Cumque ut deserunt eaque aut.', 5661, 5, 9, '2020-06-14 05:54:38', '2020-06-14 05:54:38'),
(13, 'adipisci', 'Necessitatibus sint odio consectetur reprehenderit. Itaque blanditiis sit voluptatem quasi fugit et voluptatem. Vitae aut ea rem eligendi est blanditiis voluptatibus aspernatur. Nostrum atque et illo eos.', 1946, 4, 29, '2020-06-14 05:54:38', '2020-06-14 05:54:38'),
(14, 'reprehenderit', 'Mollitia doloremque suscipit facere facere nulla quibusdam. Quia earum eum beatae aut pariatur et. Occaecati pariatur quia beatae et.', 8398, 6, 18, '2020-06-14 05:54:38', '2020-06-14 05:54:38'),
(15, 'quod', 'Doloribus ex occaecati iure quae ex. Hic omnis saepe recusandae voluptate debitis dolor. Laudantium incidunt ad qui qui quidem harum. Animi dignissimos sed alias aut exercitationem.', 4133, 2, 8, '2020-06-14 05:54:38', '2020-06-14 05:54:38'),
(16, 'voluptas', 'Asperiores sunt facere quaerat debitis ut sit soluta. Sunt veniam dolore laudantium quo quam quo ab qui. Numquam inventore voluptatem nostrum distinctio maxime. Modi non et est perspiciatis incidunt blanditiis.', 4599, 4, 8, '2020-06-14 05:54:38', '2020-06-14 05:54:38'),
(17, 'dolorem', 'Officiis et aut provident ut. Dignissimos corporis quo modi dolores expedita. Consequuntur est vitae illum velit molestiae. Quia atque impedit aut fugiat et ut omnis.', 5162, 9, 8, '2020-06-14 05:54:38', '2020-06-14 05:54:38'),
(18, 'velit', 'Sint iusto earum ratione in error ea et. Animi autem sunt occaecati temporibus dolorum. Temporibus tempore debitis voluptas commodi. Occaecati similique expedita dolor dolores voluptatibus mollitia numquam cumque.', 8403, 7, 3, '2020-06-14 05:54:38', '2020-06-14 05:54:38'),
(19, 'aperiam', 'Optio ipsam vitae repudiandae consequatur occaecati perferendis. Harum nisi sit qui quia sint. Recusandae non laborum assumenda ut nihil.', 5744, 2, 11, '2020-06-14 05:54:38', '2020-06-14 05:54:38'),
(20, 'sint', 'Aut animi molestiae eius. Reprehenderit qui qui laudantium quia quas et mollitia. Dignissimos sint quis possimus ea et. Qui iure ullam eveniet est voluptatem id voluptates.', 1664, 2, 11, '2020-06-14 05:54:38', '2020-06-14 05:54:38'),
(21, 'sed', 'Aliquid dolorum consequuntur dolorem rerum non. Autem repellat ut quidem. Illum eum qui laudantium laborum commodi doloremque. Suscipit culpa perspiciatis sint ipsum dicta harum dicta.', 5948, 6, 24, '2020-06-14 05:54:38', '2020-06-14 05:54:38'),
(22, 'sint', 'Dolores quasi magni qui. Sunt et numquam atque odio. Occaecati rerum quod laudantium nobis ut inventore sed et. Voluptas velit esse quam voluptas eius incidunt consequatur. Mollitia dolores omnis sed et.', 2555, 9, 12, '2020-06-14 05:54:38', '2020-06-14 05:54:38'),
(23, 'nobis', 'Nesciunt natus voluptatem ad eos. A sunt quia ea quo sit similique id. Nobis libero modi molestias similique delectus occaecati quod autem.', 3419, 3, 4, '2020-06-14 05:54:38', '2020-06-14 05:54:38'),
(24, 'rerum', 'Quia ipsum accusantium consequatur qui dolores repellat voluptate. Optio repellendus provident blanditiis non neque ut ad dicta. Nam natus neque accusamus cupiditate. Et voluptatem omnis quidem et sint quo voluptate.', 8164, 2, 4, '2020-06-14 05:54:38', '2020-06-14 05:54:38'),
(25, 'quia', 'Tempora aliquam rerum velit aperiam qui quisquam architecto. Autem iure quam atque quis. Sed voluptatem odit sed quos.', 8909, 5, 8, '2020-06-14 05:54:38', '2020-06-14 05:54:38'),
(26, 'cum', 'Nostrum quae optio minima cupiditate qui tenetur perspiciatis maxime. Autem voluptatibus et facilis aut soluta autem aut. Omnis natus quibusdam ipsum magni. Nobis modi totam quia facere esse.', 2424, 6, 19, '2020-06-14 05:54:38', '2020-06-14 05:54:38'),
(27, 'iure', 'Veritatis atque asperiores nam non sit perferendis maxime. Et quia ad minus saepe. Vero molestias quis voluptatem sint porro.', 6502, 0, 7, '2020-06-14 05:54:38', '2020-06-14 05:54:38'),
(28, 'id', 'Magni ut error sed non ipsam ipsum nemo. Nemo consequatur enim nostrum quia. Sapiente non voluptatem voluptas placeat id vel.', 6173, 9, 26, '2020-06-14 05:54:38', '2020-06-14 05:54:38'),
(29, 'molestias', 'Excepturi molestiae reiciendis eos et dolor sit enim magnam. Animi omnis hic et qui. Et qui reiciendis consequatur eum itaque similique.', 3211, 4, 13, '2020-06-14 05:54:38', '2020-06-14 05:54:38'),
(30, 'cupiditate', 'Ut ullam cupiditate numquam iure deserunt. Porro ipsum explicabo et cupiditate ipsum est veritatis. Dolor fugit et maxime quibusdam sit qui. Deleniti fuga amet numquam sequi enim.', 4152, 7, 6, '2020-06-14 05:54:38', '2020-06-14 05:54:38'),
(31, 'consequuntur', 'Adipisci velit assumenda ut adipisci ut et. Voluptatem ab eaque et est autem magnam. Recusandae odio dolores temporibus distinctio.', 905, 4, 26, '2020-06-14 05:54:38', '2020-06-14 05:54:38'),
(32, 'natus', 'Et consequuntur repellat expedita. Repudiandae exercitationem excepturi enim nihil. Eveniet repudiandae sit autem quia velit ratione enim. Doloremque ratione voluptates molestiae ut autem fugiat. Odit repellat dolor est vero autem facilis.', 6125, 6, 14, '2020-06-14 05:54:38', '2020-06-14 05:54:38'),
(33, 'blanditiis', 'Autem numquam illum veniam voluptatem illum assumenda. Quas deleniti qui debitis nihil laborum repellendus animi et. Magni tempore quae voluptate dignissimos atque et voluptate. Dolor temporibus aut quibusdam commodi aut sint possimus.', 8181, 9, 27, '2020-06-14 05:54:38', '2020-06-14 05:54:38'),
(34, 'asperiores', 'Perferendis nam libero minima sit sit. Quibusdam perspiciatis facere ut sequi et. Non iusto quam pariatur qui commodi non id temporibus. Consequatur tempore magni nobis ab et qui.', 5460, 9, 4, '2020-06-14 05:54:38', '2020-06-14 05:54:38'),
(35, 'cupiditate', 'Incidunt harum distinctio suscipit est sit et adipisci officia. Praesentium magni numquam soluta consequatur. Autem commodi fugit vitae minus perferendis pariatur quas exercitationem. Repellat fuga sed quas inventore fuga.', 3440, 3, 14, '2020-06-14 05:54:38', '2020-06-14 05:54:38'),
(36, 'veniam', 'Nihil eos tenetur in veritatis. Illum omnis minus corrupti ea ipsum et incidunt libero. Sed nostrum reprehenderit optio deserunt natus velit deleniti ea.', 429, 8, 10, '2020-06-14 05:54:38', '2020-06-14 05:54:38'),
(37, 'distinctio', 'Voluptas et amet quasi officia aliquam aspernatur a. Voluptatem commodi quibusdam quia aut aut in doloremque. Itaque est minus optio reprehenderit. Quidem nam non beatae quia vero.', 335, 3, 12, '2020-06-14 05:54:38', '2020-06-14 05:54:38'),
(38, 'aperiam', 'Recusandae accusantium quaerat architecto consequatur itaque tempora. Odio quos optio consequatur quidem. Sed autem reiciendis ducimus et omnis est sequi.', 5064, 1, 21, '2020-06-14 05:54:38', '2020-06-14 05:54:38'),
(39, 'ipsum', 'Autem nesciunt enim sed aspernatur. Molestiae quidem alias magnam harum harum illum sint. Rerum eius ut aut omnis atque quo. Eos earum numquam similique enim in saepe sint.', 8429, 6, 8, '2020-06-14 05:54:38', '2020-06-14 05:54:38'),
(40, 'minima', 'Maxime magnam facere non rerum velit facere. Aut veniam dolorum quibusdam et ea perferendis.', 7913, 3, 24, '2020-06-14 05:54:38', '2020-06-14 05:54:38'),
(41, 'incidunt', 'Qui quia eius ut quas ducimus ad et. Assumenda soluta ratione eum nemo et et ipsam. Voluptas nostrum quia sunt pariatur ducimus consequatur. Iusto et fugit consequuntur.', 7468, 1, 6, '2020-06-14 05:54:38', '2020-06-14 05:54:38'),
(42, 'nobis', 'Rerum ducimus hic in quos illo sint. Molestiae a assumenda voluptas rerum. Ea voluptatem architecto culpa.', 2397, 6, 24, '2020-06-14 05:54:38', '2020-06-14 05:54:38'),
(43, 'eos', 'Dolor doloremque non ab temporibus et repellat sint. Molestias magnam amet inventore et nostrum qui quod. Natus sed facilis deleniti vero optio repellat. Pariatur quam iure quia exercitationem excepturi voluptas aut dolorem.', 7355, 0, 4, '2020-06-14 05:54:38', '2020-06-14 05:54:38'),
(44, 'recusandae', 'Ad dolores possimus quis nam. Odio dignissimos nemo qui cupiditate velit culpa error. Corrupti et voluptas ipsum hic nulla sed. Enim animi hic illum velit distinctio aliquid.', 1162, 0, 2, '2020-06-14 05:54:38', '2020-06-14 05:54:38'),
(45, 'laboriosam', 'Sint vero temporibus facere qui. Quaerat provident esse quam non facilis nesciunt. Ratione dolore odio ut eum est illum cum. Non veniam qui quaerat incidunt voluptates.', 8641, 0, 6, '2020-06-14 05:54:38', '2020-06-14 05:54:38'),
(46, 'beatae', 'Quo nisi sed autem nihil explicabo. Aut omnis repudiandae voluptatem ea. Earum et voluptatem cumque beatae dolore at eum.', 1696, 4, 29, '2020-06-14 05:54:38', '2020-06-14 05:54:38'),
(47, 'odit', 'Iste repudiandae ipsum possimus. Quas itaque velit magni delectus maxime quaerat. Quasi saepe perferendis placeat enim est fuga ipsa aut. Nostrum quia alias laboriosam voluptatem.', 8843, 3, 3, '2020-06-14 05:54:38', '2020-06-14 05:54:38'),
(48, 'est', 'Placeat ducimus minima commodi distinctio qui aut. Quibusdam est et repellendus aut natus et numquam. Est aperiam in at eum laudantium voluptas architecto.', 1801, 2, 4, '2020-06-14 05:54:38', '2020-06-14 05:54:38'),
(49, 'est', 'Laborum delectus id nemo animi. Occaecati in nemo explicabo voluptas aspernatur eveniet ad. Vitae laboriosam labore minus rerum impedit sunt. Mollitia eligendi aliquid harum consequatur.', 8860, 9, 13, '2020-06-14 05:54:38', '2020-06-14 05:54:38'),
(50, 'consequatur', 'Iure totam consectetur iure praesentium. Distinctio ea porro labore voluptatem velit repellat iste. Voluptates autem vel dolore quas et saepe in iusto. Nesciunt itaque molestiae animi minus perferendis officia corporis.', 8048, 2, 30, '2020-06-14 05:54:38', '2020-06-14 05:54:38'),
(51, 'architecto', 'Fuga voluptatem ex praesentium repellat. Ipsa asperiores non nisi non veniam. Fuga id vero debitis pariatur facilis ut qui quibusdam.', 2009, 4, 29, '2020-06-14 05:57:34', '2020-06-14 05:57:34'),
(52, 'sed', 'Ullam aut magnam aut. Illum harum laboriosam nisi magnam. Molestias iure qui excepturi quae delectus vel.', 6457, 3, 29, '2020-06-14 05:57:34', '2020-06-14 05:57:34'),
(53, 'est', 'Maiores suscipit officia autem consectetur est ut quas. Voluptas qui doloremque perferendis rerum beatae ipsum. Ipsam temporibus odit ullam molestiae magnam eum sit.', 6681, 7, 23, '2020-06-14 05:57:34', '2020-06-14 05:57:34'),
(54, 'quia', 'Perspiciatis qui nobis ut explicabo. Ut dolor accusamus mollitia molestiae enim qui autem. Minima est quaerat aperiam optio expedita molestiae vitae.', 4731, 9, 25, '2020-06-14 05:57:34', '2020-06-14 05:57:34'),
(55, 'voluptatem', 'Quaerat dolorum officia molestiae ea expedita. Architecto rem voluptas facere et repellat recusandae natus. Ea at repellat modi nesciunt facilis et.', 7819, 6, 19, '2020-06-14 05:57:34', '2020-06-14 05:57:34'),
(56, 'impedit', 'Explicabo sed similique culpa dolor. Hic est provident aut odit et ipsam. Eum at debitis enim repellendus quaerat id porro quia. Soluta est nobis fugiat non aut.', 2126, 4, 5, '2020-06-14 05:57:34', '2020-06-14 05:57:34'),
(57, 'pariatur', 'Itaque occaecati est reiciendis accusamus qui eius. Nisi praesentium laboriosam amet quis non. Voluptates culpa perferendis molestiae dignissimos laborum consequatur.', 744, 3, 28, '2020-06-14 05:57:34', '2020-06-14 05:57:34'),
(58, 'quia', 'Quo nesciunt et tempora perferendis ea eveniet ut. Sint autem pariatur eligendi voluptatem natus magni voluptas nesciunt. Dolorem explicabo officiis dicta recusandae vitae voluptate architecto. Vel suscipit ut consectetur.', 5894, 5, 14, '2020-06-14 05:57:34', '2020-06-14 05:57:34'),
(59, 'et', 'Est omnis beatae quae impedit non ut eos est. Ea voluptatem quis qui fugiat impedit. Incidunt ducimus magnam blanditiis consectetur distinctio.', 5795, 0, 27, '2020-06-14 05:57:34', '2020-06-14 05:57:34'),
(60, 'illum', 'Ipsum distinctio recusandae itaque itaque corporis est. Eveniet asperiores animi doloremque voluptas quam quasi voluptatem. Neque voluptatibus voluptas nisi praesentium doloremque quod sunt voluptate.', 4208, 1, 13, '2020-06-14 05:57:34', '2020-06-14 05:57:34'),
(61, 'porro', 'Soluta sequi tempore id eligendi corporis. Tenetur architecto nesciunt ut illo ipsum in. Inventore quis est voluptatem. Qui laboriosam deleniti hic culpa.', 745, 5, 24, '2020-06-14 05:57:34', '2020-06-14 05:57:34'),
(62, 'sequi', 'Alias dolore est placeat harum. Aut quis repellendus nesciunt molestiae vel. Et deserunt ut veritatis quam voluptatibus provident ducimus.', 3195, 4, 29, '2020-06-14 05:57:34', '2020-06-14 05:57:34'),
(63, 'sed', 'Doloremque omnis placeat quidem odio dolorem. Architecto expedita ab expedita sint ducimus. Quia totam minus numquam accusantium et provident quaerat. Optio iste cumque officiis omnis dolores dolor aut.', 2131, 8, 12, '2020-06-14 05:57:34', '2020-06-14 05:57:34'),
(64, 'voluptatem', 'Et illo maiores ut est non quis ut. Nihil voluptatem ducimus et odit labore. Ut aut qui ut eius necessitatibus harum dolor est. Enim quisquam rerum nemo quia iure ut.', 7530, 6, 24, '2020-06-14 05:57:34', '2020-06-14 05:57:34'),
(65, 'ut', 'Eaque voluptas impedit et est repellendus. Nulla delectus sapiente illum repellat sed. Qui voluptates aut animi ullam officia.', 1298, 2, 15, '2020-06-14 05:57:34', '2020-06-14 05:57:34'),
(66, 'expedita', 'Vero aliquam eligendi culpa. Veniam et dignissimos voluptatibus optio ad voluptas. Aliquam fugit soluta fuga quaerat est corporis. Nobis velit placeat nam laudantium placeat.', 964, 5, 6, '2020-06-14 05:57:34', '2020-06-14 05:57:34'),
(67, 'dolorum', 'Nesciunt ut est eveniet blanditiis amet. Officia distinctio adipisci est ipsam. Enim qui ullam omnis modi. Quibusdam aut maxime sit incidunt corrupti. Quas nesciunt voluptatum reprehenderit dicta praesentium occaecati.', 406, 7, 9, '2020-06-14 05:57:34', '2020-06-14 05:57:34'),
(68, 'dolorem', 'Doloribus nisi veniam nobis voluptas sit. Et quo repellat molestiae officia magni rerum labore.', 6841, 5, 5, '2020-06-14 05:57:34', '2020-06-14 05:57:34'),
(69, 'dolore', 'Amet veniam harum illum ullam ut officiis. Sequi aliquam non placeat vel placeat saepe et. Sit ratione veniam consectetur corporis.', 6611, 0, 21, '2020-06-14 05:57:34', '2020-06-14 05:57:34'),
(70, 'sed', 'Id et omnis odit consectetur. Reiciendis eius accusantium qui dolorum qui eius. Nam ratione suscipit libero nobis officiis alias.', 2466, 8, 13, '2020-06-14 05:57:34', '2020-06-14 05:57:34'),
(71, 'est', 'Et magnam libero et nesciunt laborum alias et. Culpa optio veritatis aperiam minus quod. Sed expedita sed rerum aut error.', 4314, 4, 7, '2020-06-14 05:57:34', '2020-06-14 05:57:34'),
(72, 'quasi', 'Itaque qui quo fugit consequatur voluptatibus ipsum. Et dignissimos non rem ullam voluptatem magnam. Similique enim delectus tenetur voluptatum consectetur voluptate est cum. Odit dicta mollitia totam aut tempore architecto nesciunt quas.', 781, 2, 30, '2020-06-14 05:57:34', '2020-06-14 05:57:34'),
(73, 'eaque', 'Quaerat numquam reprehenderit distinctio dolorem eos. Rerum dolorem voluptas at ut. Magnam eaque ut fuga et blanditiis.', 3549, 5, 14, '2020-06-14 05:57:34', '2020-06-14 05:57:34'),
(74, 'neque', 'Nobis officia labore ut et quia commodi totam. Nesciunt adipisci magni quae assumenda odit. Quis quia culpa et enim aut placeat earum quas. Molestiae nihil sunt et.', 1601, 6, 4, '2020-06-14 05:57:34', '2020-06-14 05:57:34'),
(75, 'qui', 'Quas excepturi maxime voluptatibus est repellendus incidunt et consequuntur. Soluta veritatis voluptatum voluptas modi magni et. Ratione quaerat et labore cum.', 248, 5, 27, '2020-06-14 05:57:34', '2020-06-14 05:57:34'),
(76, 'error', 'Vero molestiae iste reprehenderit sequi aut. Commodi commodi fugiat minima quae. Sint occaecati et veritatis consectetur autem illum vitae adipisci. Reiciendis delectus omnis natus molestiae nesciunt harum.', 1689, 7, 17, '2020-06-14 05:57:35', '2020-06-14 05:57:35'),
(77, 'neque', 'Quo aut consequuntur sint est. Beatae eos maiores excepturi facilis aut molestiae est. Est architecto officia necessitatibus voluptatibus quis officiis commodi. Eligendi et inventore ut voluptas quam non fugiat.', 8586, 5, 17, '2020-06-14 05:57:35', '2020-06-14 05:57:35'),
(78, 'est', 'Est nulla dolorem quis hic voluptatem nemo. Qui reprehenderit aperiam est sequi. Accusantium et laborum tempore maiores recusandae. Rem inventore saepe facilis aut facere.', 7006, 5, 28, '2020-06-14 05:57:35', '2020-06-14 05:57:35'),
(79, 'aspernatur', 'Magnam velit autem magnam voluptatem earum neque blanditiis aliquid. At ut sit necessitatibus. Itaque rerum ut nisi non. Est voluptas neque sapiente iure necessitatibus soluta dolores a.', 5396, 5, 17, '2020-06-14 05:57:35', '2020-06-14 05:57:35'),
(80, 'non', 'Minima iusto omnis et. Iste mollitia dolorum sit et autem. Recusandae tenetur sed dicta ea. Asperiores aut repellat ullam inventore officia et qui.', 488, 9, 16, '2020-06-14 05:57:35', '2020-06-14 05:57:35'),
(81, 'totam', 'Aliquid maxime sed ducimus rerum aperiam occaecati veniam. Inventore tempore praesentium nemo harum. Deleniti eum quae sit quis. At quia est eaque officia.', 5243, 8, 6, '2020-06-14 05:57:35', '2020-06-14 05:57:35'),
(82, 'rerum', 'Fugit ex dolor voluptatem. Alias autem enim provident sunt sint ipsa rerum. Ut laudantium qui in nobis.', 3265, 4, 23, '2020-06-14 05:57:35', '2020-06-14 05:57:35'),
(83, 'harum', 'Aut ea occaecati consequatur voluptatem labore corporis. Amet ullam qui quia voluptas iste. Minima sint quia ut expedita. Magni labore ut autem fugit ut non aut. Reiciendis provident perferendis sed dolore et voluptatem atque.', 5356, 8, 19, '2020-06-14 05:57:35', '2020-06-14 05:57:35'),
(84, 'optio', 'Qui nisi nisi dolorem veritatis est maiores. Est eum sit blanditiis sequi nesciunt expedita. Aut tenetur autem sit. Doloremque et sequi eaque quia quos.', 1340, 4, 26, '2020-06-14 05:57:35', '2020-06-14 05:57:35'),
(85, 'eos', 'Illo cupiditate ullam et in sint. Omnis at veritatis ea sit aut. Omnis earum ea beatae voluptas asperiores libero.', 8204, 1, 4, '2020-06-14 05:57:35', '2020-06-14 05:57:35'),
(86, 'non', 'Dolores sit ab similique rerum. Nisi quasi aut et repudiandae. Blanditiis itaque nesciunt facere maiores.', 7924, 1, 6, '2020-06-14 05:57:35', '2020-06-14 05:57:35'),
(87, 'omnis', 'Sed recusandae est ducimus repudiandae et porro. Eum id maxime aut ut eum. Quibusdam amet neque soluta qui. Enim excepturi officiis ratione neque omnis voluptate doloribus quas.', 4459, 3, 2, '2020-06-14 05:57:35', '2020-06-14 05:57:35'),
(88, 'vel', 'Veritatis sit suscipit voluptas temporibus veritatis doloribus rerum. Illum sed deserunt eum error. Eos sit et quis dolor earum nisi. In assumenda consequatur esse quibusdam aut.', 5906, 0, 4, '2020-06-14 05:57:35', '2020-06-14 05:57:35'),
(89, 'unde', 'Est vero eius beatae reiciendis consectetur qui. Magni et ad voluptas aliquam. Occaecati in assumenda consequatur eum maxime eligendi.', 2712, 6, 4, '2020-06-14 05:57:35', '2020-06-14 05:57:35'),
(90, 'saepe', 'Labore rerum ut voluptas id numquam. Voluptate voluptas asperiores voluptatum vitae fuga aliquid. Voluptatem voluptates sunt hic velit atque ullam.', 3652, 9, 5, '2020-06-14 05:57:35', '2020-06-14 05:57:35'),
(91, 'esse', 'Velit perferendis velit nulla. Dignissimos quam magni officia. Autem eum itaque explicabo non tempora optio nostrum assumenda. Et voluptate ea error laborum quo pariatur. Voluptatem laboriosam quos magni quaerat qui eaque aliquam.', 5088, 4, 4, '2020-06-14 05:57:35', '2020-06-14 05:57:35'),
(92, 'dolore', 'Vero quia hic harum ut nisi. Sit corrupti ut possimus. Itaque laborum quibusdam illum sit. Ut ea fugit nihil eos provident facilis consequatur reiciendis.', 2083, 1, 19, '2020-06-14 05:57:35', '2020-06-14 05:57:35'),
(93, 'et', 'Dolore sed tempora nemo ullam illum explicabo consectetur. Eos nostrum eaque animi reiciendis iste.', 3953, 0, 15, '2020-06-14 05:57:35', '2020-06-14 05:57:35'),
(94, 'et', 'Quo aut aspernatur enim corrupti voluptas. Doloremque et voluptatem cupiditate et nihil voluptatem. Blanditiis quo quis quibusdam soluta.', 7703, 5, 23, '2020-06-14 05:57:35', '2020-06-14 05:57:35'),
(95, 'numquam', 'Occaecati corrupti aut omnis reiciendis sit iusto. Accusantium quas quo corporis laborum. Eligendi dolore quae rem suscipit reprehenderit sit dolor eveniet. Ratione maiores adipisci est sint vel aut.', 5737, 6, 29, '2020-06-14 05:57:35', '2020-06-14 05:57:35'),
(96, 'officiis', 'At consequatur animi in ut facilis qui voluptas. Sint placeat non sit est.', 5811, 5, 16, '2020-06-14 05:57:35', '2020-06-14 05:57:35'),
(97, 'cumque', 'Laboriosam iste cum esse dignissimos eaque et. Omnis quia iure ad voluptatum architecto consequuntur. Accusamus atque aut recusandae dolorem harum dolores beatae. Iste aut et cum iste laudantium alias.', 1219, 7, 9, '2020-06-14 05:57:35', '2020-06-14 05:57:35'),
(98, 'nesciunt', 'Et pariatur quo rem eos. Dolores animi omnis ut sit. Voluptas ut possimus rerum repudiandae. Rerum commodi deserunt numquam est sed enim perferendis.', 6952, 2, 20, '2020-06-14 05:57:35', '2020-06-14 05:57:35'),
(99, 'consectetur', 'Harum cum vitae asperiores alias neque saepe. Numquam sed dicta quod. Id omnis rerum officia reprehenderit mollitia dolor laborum. Eius aut odio est facilis.', 8932, 9, 2, '2020-06-14 05:57:35', '2020-06-14 05:57:35'),
(100, 'et', 'Inventore molestias commodi ducimus facilis necessitatibus eaque autem nesciunt. Ut soluta aut et doloremque itaque. Ut mollitia et aliquam eum. Quidem incidunt nemo velit ipsum aliquid eos. Magni consequatur itaque et illo officia sint.', 5133, 3, 5, '2020-06-14 05:57:35', '2020-06-14 05:57:35');

-- --------------------------------------------------------

--
-- Table structure for table `reviews`
--

CREATE TABLE `reviews` (
  `id` int(10) UNSIGNED NOT NULL,
  `product_id` int(10) UNSIGNED NOT NULL,
  `customer` varchar(191) COLLATE utf8mb4_unicode_ci NOT NULL,
  `review` text COLLATE utf8mb4_unicode_ci NOT NULL,
  `star` int(11) NOT NULL,
  `created_at` timestamp NULL DEFAULT NULL,
  `updated_at` timestamp NULL DEFAULT NULL
) ENGINE=InnoDB DEFAULT CHARSET=utf8mb4 COLLATE=utf8mb4_unicode_ci;

--
-- Dumping data for table `reviews`
--

INSERT INTO `reviews` (`id`, `product_id`, `customer`, `review`, `star`, `created_at`, `updated_at`) VALUES
(1, 93, 'Mr. Jovany Sauer', 'In ea voluptates asperiores est. Voluptatem et facilis velit id. Exercitationem deleniti id debitis non.', 0, '2020-06-14 05:57:38', '2020-06-14 05:57:38'),
(2, 27, 'Sadye Stracke', 'Dolores maiores nulla rerum. Labore doloribus neque in enim ut id. Aliquam sunt aut modi doloremque quibusdam voluptatem ipsam soluta.', 1, '2020-06-14 05:57:38', '2020-06-14 05:57:38'),
(3, 97, 'Ismael Heaney', 'Dolorem est ipsam voluptate laboriosam voluptas qui magnam. Distinctio eveniet ut et occaecati sit totam id. Nostrum nihil ut doloremque numquam dicta ut. Placeat adipisci eum aut harum molestiae sit quia. Voluptas excepturi qui excepturi sed.', 4, '2020-06-14 05:57:38', '2020-06-14 05:57:38'),
(4, 45, 'Norberto Marks MD', 'Qui dolorem distinctio porro enim quis tempora ipsum. Voluptatem voluptas voluptas sunt et. Est occaecati provident eos exercitationem. Sed voluptates voluptatum praesentium quia.', 2, '2020-06-14 05:57:38', '2020-06-14 05:57:38'),
(5, 23, 'Dangelo Walter', 'Nihil recusandae sed praesentium ducimus occaecati aut fugiat voluptatum. Est exercitationem incidunt aut corrupti laboriosam accusantium aut. Quia ut assumenda amet ut earum et rerum. Ut animi hic in sed.', 2, '2020-06-14 05:57:38', '2020-06-14 05:57:38'),
(6, 59, 'Mr. Ayden Gleichner', 'Quo et commodi quia exercitationem et quia tempore eum. Sed qui fuga autem incidunt enim voluptas et.', 4, '2020-06-14 05:57:38', '2020-06-14 05:57:38'),
(7, 52, 'Adella Dach', 'Qui est beatae et quos eaque aspernatur asperiores. Et eos cum sit et. Velit maiores maxime ab ad ullam explicabo vitae. Error cupiditate beatae quo cumque laudantium hic corrupti.', 1, '2020-06-14 05:57:38', '2020-06-14 05:57:38'),
(8, 47, 'Carlotta Terry', 'Est id aut dolores odio. Praesentium perferendis suscipit voluptatem ut sint voluptatibus. Numquam corporis inventore ea quod quis nihil.', 2, '2020-06-14 05:57:38', '2020-06-14 05:57:38'),
(9, 10, 'Annabell Walsh', 'Rerum illo aut quia veritatis cupiditate aliquid asperiores. Assumenda sequi velit quia ad quia est nesciunt. Odit consequatur repellat eum id accusamus dolores iure. Libero rerum non distinctio ut.', 5, '2020-06-14 05:57:38', '2020-06-14 05:57:38'),
(10, 77, 'Lamont Gislason', 'Magnam enim est deserunt in recusandae. Laborum debitis quasi modi qui labore aspernatur. Rerum voluptas error qui.', 2, '2020-06-14 05:57:38', '2020-06-14 05:57:38'),
(11, 40, 'Florida Bauch', 'Velit quo inventore aut quia tenetur nisi. Deserunt omnis sint dolores hic. Quidem aspernatur qui dolores ut. Rerum et provident repellat praesentium omnis. Ut eveniet dolorem fugiat molestias aliquam repellendus deleniti.', 5, '2020-06-14 05:57:38', '2020-06-14 05:57:38'),
(12, 3, 'Catharine Gottlieb', 'Rerum labore magni aliquid beatae. Aut aut sit eveniet corporis aut voluptates.', 4, '2020-06-14 05:57:38', '2020-06-14 05:57:38'),
(13, 12, 'Mr. Tyson Herzog III', 'Ut soluta nostrum quis ea iste laudantium cupiditate. Distinctio adipisci atque quibusdam ab deleniti dolore assumenda amet. Officiis omnis provident ut sequi. Qui blanditiis voluptatem rerum.', 2, '2020-06-14 05:57:38', '2020-06-14 05:57:38'),
(14, 94, 'Dr. Katlyn Orn V', 'Autem harum qui nihil non deleniti. Non voluptas soluta aut officia rem qui. Ut dolorem rerum voluptatem. Rerum aperiam adipisci ullam sit magni tenetur.', 4, '2020-06-14 05:57:38', '2020-06-14 05:57:38'),
(15, 31, 'Jonathan Stamm', 'Mollitia illo earum iste non commodi. Excepturi asperiores sint ut in nihil et ut eum. Doloremque quis recusandae enim eaque architecto voluptatem distinctio reiciendis. Animi at nostrum quam itaque suscipit.', 5, '2020-06-14 05:57:38', '2020-06-14 05:57:38'),
(16, 75, 'Melody Monahan II', 'Et mollitia occaecati voluptates ut eum sint ipsa. Iure veritatis molestiae ex. Qui minima sint sed quae magni ab eum omnis. Doloremque tenetur adipisci aut dolorum fuga repellat sint. Nemo quas sapiente consequatur aliquam beatae ut libero dolore.', 0, '2020-06-14 05:57:38', '2020-06-14 05:57:38'),
(17, 14, 'Rowland Schmidt', 'Laboriosam ea impedit vel quisquam. Distinctio reprehenderit qui laboriosam aliquid debitis enim.', 4, '2020-06-14 05:57:38', '2020-06-14 05:57:38'),
(18, 78, 'Maryam Parker', 'Nobis non est reiciendis a qui quo rerum. Rem dignissimos perferendis dolore vel. Dolores et neque rerum cumque nemo dolor.', 3, '2020-06-14 05:57:38', '2020-06-14 05:57:38'),
(19, 29, 'Xavier Koelpin', 'Suscipit et voluptate neque id aut provident magnam. Debitis neque corporis debitis ut quo. Aperiam rerum dolorum id suscipit ut. Ut est illum non ratione mollitia voluptatem nam voluptates.', 3, '2020-06-14 05:57:38', '2020-06-14 05:57:38'),
(20, 93, 'Lonie Abbott', 'Eligendi nam enim eos eos voluptatum voluptatem eos. Est minus facilis ipsum voluptates dicta exercitationem. Quaerat porro repellat qui voluptatum magnam ut saepe.', 2, '2020-06-14 05:57:38', '2020-06-14 05:57:38'),
(21, 46, 'Claud Gutkowski', 'Ullam vel earum nihil minima voluptas nihil voluptas. Repellendus iusto qui provident mollitia amet sit occaecati distinctio. Est eius iure molestias eos rerum.', 5, '2020-06-14 05:57:38', '2020-06-14 05:57:38'),
(22, 57, 'Dr. Gaston Yundt', 'Velit quidem veritatis rerum nisi. Ullam sapiente nam magnam tempore necessitatibus eius eveniet. Deleniti aut ullam delectus iste. Nostrum modi assumenda optio aut ut ducimus ducimus aut.', 5, '2020-06-14 05:57:38', '2020-06-14 05:57:38'),
(23, 58, 'Nash Schaefer', 'Ullam eos reiciendis quo itaque molestias. Quo minus magnam aut molestias a ducimus. Dolores voluptas nulla est et pariatur. Rem ipsam natus est possimus quia et minima.', 5, '2020-06-14 05:57:38', '2020-06-14 05:57:38'),
(24, 48, 'Cristal Kuhlman', 'Autem dolorem magnam eius voluptatem dolores. Aperiam blanditiis ullam totam cupiditate nobis aut placeat alias. Et et modi rerum facilis illum qui et. Consequatur voluptas quidem dolor voluptatem voluptas fuga. Et hic eum consectetur omnis nobis quibusdam pariatur libero.', 1, '2020-06-14 05:57:38', '2020-06-14 05:57:38'),
(25, 95, 'Santina Kovacek', 'Aut corrupti sed recusandae fuga voluptate. Doloremque rerum non accusamus sint. Quia quia veritatis iste repellendus iusto.', 3, '2020-06-14 05:57:38', '2020-06-14 05:57:38'),
(26, 82, 'Prof. Frida Klein', 'Voluptatem eos ad adipisci veniam. Nihil eaque illum veniam neque. Dolorem iusto odio laboriosam sapiente vel autem ad sequi. Odit omnis nisi soluta laboriosam delectus quo enim.', 1, '2020-06-14 05:57:38', '2020-06-14 05:57:38'),
(27, 74, 'Miss Charlene Dare II', 'Quia itaque esse magnam voluptatem rerum tempore nostrum. Enim nostrum minima enim architecto et amet sit. Consequatur aperiam quod beatae voluptas. Quo est aperiam autem molestiae aut. Illo beatae qui totam sed.', 1, '2020-06-14 05:57:38', '2020-06-14 05:57:38'),
(28, 91, 'Mabelle Frami', 'Ut mollitia quidem incidunt et quasi et ut. Deleniti voluptatem animi vel nisi rem. Sint enim iusto quos sequi eius cumque.', 2, '2020-06-14 05:57:38', '2020-06-14 05:57:38'),
(29, 9, 'Prof. Nelson Kirlin', 'Eligendi totam quos est deserunt. Et quasi et expedita aspernatur molestiae rerum. Aut temporibus iste aut cumque. Vero repellat nobis fugit non.', 3, '2020-06-14 05:57:38', '2020-06-14 05:57:38'),
(30, 72, 'Giovanni Huels', 'Commodi atque labore veritatis optio doloremque enim. Voluptate itaque explicabo error officia ea sed magni aspernatur. Ipsa sequi quo magnam architecto atque.', 3, '2020-06-14 05:57:38', '2020-06-14 05:57:38'),
(31, 48, 'Aida Berge', 'Natus eaque atque pariatur mollitia. Dolorem aut esse nemo facere itaque magnam est. Deleniti saepe ullam et.', 5, '2020-06-14 05:57:38', '2020-06-14 05:57:38'),
(32, 81, 'Tiana Braun', 'Dolorum occaecati nemo eos suscipit. Temporibus architecto in sunt eos recusandae voluptatem modi. Natus a delectus eligendi debitis. Vitae officia quia vero consectetur sunt.', 0, '2020-06-14 05:57:38', '2020-06-14 05:57:38'),
(33, 96, 'Weldon Nicolas DVM', 'Itaque ut enim sed non. Unde excepturi perspiciatis vel non. Numquam rerum eum cum repudiandae minima rerum perferendis. Quam consequatur eveniet dignissimos porro explicabo.', 4, '2020-06-14 05:57:38', '2020-06-14 05:57:38'),
(34, 77, 'Mr. Pete Zieme DVM', 'Iusto sapiente praesentium velit ducimus. Ut vero iure ea asperiores reiciendis dolorem. Dicta perspiciatis quia amet ut. Fugit quis voluptatem quasi explicabo suscipit quos.', 3, '2020-06-14 05:57:38', '2020-06-14 05:57:38'),
(35, 39, 'Bryana Mann DDS', 'Deleniti optio libero ratione maiores. A expedita accusamus nisi fugit aperiam. Expedita optio quibusdam quo rerum nihil ut. Commodi ullam consequatur est veritatis sed.', 5, '2020-06-14 05:57:38', '2020-06-14 05:57:38'),
(36, 67, 'Dr. Tanya Conn', 'Cumque aut non alias ab. Voluptatem aspernatur et beatae ut dolorum. Laudantium inventore sit aspernatur omnis reprehenderit vel qui. Ut qui ut non expedita molestiae vel veritatis mollitia.', 1, '2020-06-14 05:57:38', '2020-06-14 05:57:38'),
(37, 20, 'Dr. Kim Howe PhD', 'Facilis natus cumque explicabo pariatur quia ut et. Provident voluptas et dignissimos a. Ullam maiores error inventore. Doloribus aut quia voluptatem distinctio dolorum et molestias voluptatibus.', 0, '2020-06-14 05:57:38', '2020-06-14 05:57:38'),
(38, 94, 'Laurie Runte', 'Placeat eveniet eum quidem veniam dolores. Et omnis atque voluptates deserunt laboriosam. Ullam sapiente magni rerum quibusdam qui voluptatibus. Quia quibusdam explicabo ea expedita quis velit nesciunt. Est pariatur optio explicabo eligendi aut ad in.', 5, '2020-06-14 05:57:38', '2020-06-14 05:57:38'),
(39, 10, 'Mr. Haley Hudson MD', 'Nisi rem aut asperiores aut earum ea recusandae. Recusandae ipsa iusto reprehenderit quam quos. Ex laudantium nihil aut consectetur ipsam eaque.', 3, '2020-06-14 05:57:38', '2020-06-14 05:57:38'),
(40, 42, 'General Mitchell', 'Asperiores aut sapiente accusantium inventore sit neque. Dolor dolores ut voluptatem. Et quaerat aut sit qui in quia at ullam.', 3, '2020-06-14 05:57:38', '2020-06-14 05:57:38'),
(41, 76, 'Gudrun Russel', 'Exercitationem ut est dicta. Eum quod voluptatem unde vel commodi dolore aut. Corrupti qui rem accusamus. Eos voluptatum velit esse est eius provident.', 2, '2020-06-14 05:57:38', '2020-06-14 05:57:38'),
(42, 22, 'Macy Hansen', 'Magni omnis minus iste consequuntur nemo. Occaecati voluptates dicta non. Vel omnis sunt consequatur rerum possimus. Ad beatae et quis explicabo.', 0, '2020-06-14 05:57:38', '2020-06-14 05:57:38'),
(43, 44, 'Tyler McGlynn', 'Necessitatibus illum veritatis similique dicta ducimus rerum aut. Consequuntur enim qui quis perferendis qui at et. Aut eos quis accusamus impedit quis voluptatum.', 3, '2020-06-14 05:57:38', '2020-06-14 05:57:38'),
(44, 31, 'Aditya Kiehn', 'Et dolorem quasi perferendis error quisquam molestiae sint occaecati. Ducimus doloribus repudiandae officia quos molestiae. Soluta animi tempora et aliquid. Quia commodi distinctio quibusdam vel omnis. Quia ex eum doloremque cum autem qui.', 4, '2020-06-14 05:57:38', '2020-06-14 05:57:38'),
(45, 34, 'Devon Boyer', 'Id consequatur voluptatem aperiam maiores occaecati vel voluptatem. Suscipit vitae necessitatibus qui non laboriosam qui aperiam sed. Tenetur non ut velit harum.', 4, '2020-06-14 05:57:38', '2020-06-14 05:57:38'),
(46, 25, 'Dr. Leonard Konopelski DDS', 'Nulla facilis veniam exercitationem inventore et non. Quas inventore magni culpa velit. Ratione assumenda aspernatur omnis ipsa mollitia recusandae. Suscipit architecto velit et quae placeat.', 4, '2020-06-14 05:57:38', '2020-06-14 05:57:38'),
(47, 49, 'Ona Haley', 'Et eius cumque error impedit. Deleniti autem fugit qui numquam voluptate est saepe. Sint enim voluptatum maiores quas.', 1, '2020-06-14 05:57:38', '2020-06-14 05:57:38'),
(48, 57, 'Waylon Balistreri', 'Vero pariatur nam doloremque ea eius quos. Fuga consequatur cupiditate sequi ullam repudiandae unde sint voluptatibus. Et id aliquid autem quos.', 5, '2020-06-14 05:57:38', '2020-06-14 05:57:38'),
(49, 39, 'Liliana Willms II', 'Iusto sunt beatae assumenda nisi sequi explicabo. Quas voluptate possimus accusamus enim voluptates magni. Laboriosam dolorem nihil dolore magni facilis modi.', 2, '2020-06-14 05:57:38', '2020-06-14 05:57:38'),
(50, 28, 'Lucile D\'Amore', 'Beatae neque eius quasi ut amet ut nemo. Sit odit et aperiam delectus cumque atque qui id. Et saepe vel ipsum illo dolores.', 3, '2020-06-14 05:57:38', '2020-06-14 05:57:38'),
(51, 97, 'Gaston Rogahn', 'Rem cum eveniet accusamus reprehenderit voluptatum voluptate dolorum deserunt. Illum qui ipsum repudiandae quasi tenetur impedit quia. Autem aut rerum quia ex quis aut voluptate. Saepe non praesentium cupiditate.', 0, '2020-06-14 05:57:38', '2020-06-14 05:57:38'),
(52, 96, 'Morris Hand', 'Perferendis dolorum sunt autem inventore maxime blanditiis pariatur. Consequatur quia cupiditate voluptatum itaque ea. Maiores similique sunt dignissimos voluptatem quis tenetur. Provident et itaque velit quia. Praesentium non voluptatem perferendis repudiandae inventore maiores.', 1, '2020-06-14 05:57:38', '2020-06-14 05:57:38'),
(53, 59, 'Patricia Lynch', 'Odit et numquam assumenda repudiandae quas doloremque nostrum voluptatibus. Consequuntur rerum et ut velit. Qui ab quod temporibus sit minus.', 2, '2020-06-14 05:57:38', '2020-06-14 05:57:38'),
(54, 5, 'Devan Boyle', 'Ut nesciunt consequatur vel voluptas deserunt illum omnis optio. Est maxime unde ut fugiat voluptate laborum sit. Non delectus perferendis quis et dolorem. Est rerum quo repellendus error.', 3, '2020-06-14 05:57:38', '2020-06-14 05:57:38'),
(55, 25, 'Bennett Schmidt DVM', 'Labore voluptas et et voluptatem quidem temporibus quia expedita. Reiciendis sit perferendis incidunt aut velit saepe. Et fugiat autem consectetur. Dolorum nobis rem ducimus odit vero quia.', 3, '2020-06-14 05:57:38', '2020-06-14 05:57:38'),
(56, 80, 'Matteo Blick', 'Explicabo est mollitia dolor quia magni quos laboriosam. Doloribus molestias et est ab. Minus ut et tempore in.', 5, '2020-06-14 05:57:38', '2020-06-14 05:57:38'),
(57, 96, 'Oral Treutel', 'Sit delectus nobis commodi tempora occaecati esse modi. Quisquam aut quia voluptas quibusdam et culpa. Eos eaque nam facilis expedita qui est amet laudantium. Possimus in soluta aut at molestiae ut eius.', 5, '2020-06-14 05:57:38', '2020-06-14 05:57:38'),
(58, 11, 'Miss Katrina Walker I', 'Fuga omnis esse facere doloremque est voluptatibus ullam. Ut alias nisi cum soluta distinctio laudantium. Ut aut quos ducimus.', 1, '2020-06-14 05:57:38', '2020-06-14 05:57:38'),
(59, 20, 'Lorenzo Altenwerth', 'Debitis in error autem autem sed non eum. Et qui provident ab quidem non tenetur quia aspernatur. Distinctio aliquam incidunt minus assumenda. Quos est aut nihil suscipit et quos tempora eos.', 5, '2020-06-14 05:57:38', '2020-06-14 05:57:38'),
(60, 44, 'Tobin Rodriguez', 'Accusantium tempora saepe provident aspernatur in alias deleniti. Sit quia eius officiis reprehenderit fuga. Sed sed hic natus et voluptatum perspiciatis.', 4, '2020-06-14 05:57:38', '2020-06-14 05:57:38'),
(61, 84, 'Zander Nitzsche', 'Odit harum quidem cumque labore. Ut neque aut autem magni. Dolor nihil dolorem nihil repellat. Et laboriosam minus ex.', 4, '2020-06-14 05:57:38', '2020-06-14 05:57:38'),
(62, 81, 'Mrs. Eda Rohan MD', 'Pariatur odio omnis quisquam omnis est. Non autem repellat tempora animi non. Rem adipisci occaecati et quibusdam ex aut.', 0, '2020-06-14 05:57:38', '2020-06-14 05:57:38'),
(63, 44, 'Anastacio McKenzie', 'Distinctio molestiae velit at aut. Laudantium temporibus officiis nemo et. Ducimus rerum sint debitis. Saepe aut voluptas tempora delectus dolor et.', 0, '2020-06-14 05:57:38', '2020-06-14 05:57:38'),
(64, 56, 'Hallie Leannon', 'Iure autem tenetur ut ea expedita velit. Fugit sunt voluptas voluptas quisquam. Ea aperiam aut reiciendis optio minus vel. Dicta ut sunt ea tenetur ab fugit.', 5, '2020-06-14 05:57:38', '2020-06-14 05:57:38'),
(65, 16, 'Ludwig White III', 'Eum voluptas omnis quam consequuntur quae. Et qui perferendis nulla laboriosam ut sit sit. Distinctio fuga doloribus vero est exercitationem minima rerum repellendus. Beatae ullam veniam ea non aut possimus ex.', 5, '2020-06-14 05:57:38', '2020-06-14 05:57:38'),
(66, 23, 'Mr. Jasper Mann III', 'Rerum quidem et minus maxime repellendus laudantium vel. Cum et et ipsum rerum debitis aut.', 1, '2020-06-14 05:57:38', '2020-06-14 05:57:38'),
(67, 34, 'Claudia Hintz', 'Sit hic vel odio sunt. Quia itaque nihil officiis. Id molestias ducimus quod delectus dolorum et. Et optio at iusto sed.', 3, '2020-06-14 05:57:38', '2020-06-14 05:57:38'),
(68, 59, 'Jevon Gaylord', 'Voluptatem eum iure illo necessitatibus officiis. Error et autem enim iure animi autem fugit. Cupiditate voluptatem consectetur quos et. Deleniti fugit reprehenderit inventore veniam eaque.', 0, '2020-06-14 05:57:38', '2020-06-14 05:57:38'),
(69, 75, 'Dr. Xander Franecki IV', 'Voluptas porro aperiam asperiores rerum explicabo omnis. Error eum ipsum rerum maiores et assumenda nam voluptatem. Qui consequatur vitae ut rerum. Id similique aut ratione blanditiis est reprehenderit error exercitationem.', 0, '2020-06-14 05:57:38', '2020-06-14 05:57:38'),
(70, 69, 'Amaya Fahey', 'Porro alias sit adipisci molestias sit qui voluptatem. Aut incidunt itaque deserunt expedita aut. Aut porro sed aliquid aut sint.', 4, '2020-06-14 05:57:38', '2020-06-14 05:57:38'),
(71, 27, 'Ericka Beer', 'Numquam dignissimos fugit aut vel. Praesentium repellendus et minima dolores omnis quis animi. Voluptatem quas tempora excepturi reprehenderit unde ut deserunt. Deleniti est fuga omnis qui sit.', 2, '2020-06-14 05:57:38', '2020-06-14 05:57:38'),
(72, 40, 'Amara Mante', 'Explicabo molestiae harum omnis. Labore qui optio eveniet iusto est ut nesciunt aut.', 2, '2020-06-14 05:57:38', '2020-06-14 05:57:38'),
(73, 45, 'Lawson Goodwin', 'Enim unde temporibus est sint adipisci. Ut qui non iure dolores vel. Odit et sit cumque sapiente doloremque id debitis repellendus.', 2, '2020-06-14 05:57:38', '2020-06-14 05:57:38'),
(74, 77, 'Leonor Kshlerin', 'Sed repellendus architecto voluptas quis. Voluptas quia ut nam ex eius. Labore qui ratione iure voluptates quisquam eos.', 4, '2020-06-14 05:57:38', '2020-06-14 05:57:38'),
(75, 56, 'Prof. Dorian Ernser', 'Non nobis ut inventore saepe sunt consectetur. Pariatur id corporis aperiam. Voluptates et natus et. Assumenda maiores consectetur facilis consequatur et.', 5, '2020-06-14 05:57:38', '2020-06-14 05:57:38'),
(76, 77, 'Novella Donnelly', 'Placeat libero nisi quia sint ut illum. Expedita sed aut quo aut velit qui. Vel molestiae eaque consectetur quam.', 1, '2020-06-14 05:57:38', '2020-06-14 05:57:38'),
(77, 40, 'Aurelie Dicki', 'Et amet eius ea aliquid animi modi animi. Est est voluptatum soluta consequuntur veritatis similique. Alias est error assumenda et ut itaque. Facilis aut qui corrupti sunt fugiat ea.', 4, '2020-06-14 05:57:38', '2020-06-14 05:57:38'),
(78, 47, 'Sarina Kuhic', 'Velit tempora modi numquam doloremque. Exercitationem non ad eos officiis voluptatem facilis nisi. Et ea sequi qui ea accusamus perspiciatis autem.', 0, '2020-06-14 05:57:38', '2020-06-14 05:57:38'),
(79, 4, 'Arnulfo Bernhard', 'Animi distinctio in eum totam magni perspiciatis id dolores. Culpa laboriosam explicabo eveniet eveniet fugiat. Totam dolor soluta voluptate. Et non error assumenda quas in.', 5, '2020-06-14 05:57:38', '2020-06-14 05:57:38'),
(80, 7, 'Aurore Ruecker', 'Rerum est est quo nihil odio qui. Ab iure qui necessitatibus fugit aliquid amet tempora quia. Consequuntur quasi ut magnam quidem sed.', 0, '2020-06-14 05:57:38', '2020-06-14 05:57:38'),
(81, 3, 'Mrs. Jadyn Marks Jr.', 'Laudantium non quasi ut quas ipsum. Quibusdam atque et ut hic quia maxime. Ut alias ad porro totam. Quia dolorem esse dicta impedit quo omnis pariatur.', 2, '2020-06-14 05:57:38', '2020-06-14 05:57:38'),
(82, 57, 'Deshaun Willms DDS', 'Fugiat est quis deserunt sit pariatur. Occaecati rerum facilis dolorum amet vel totam. Et voluptas laboriosam ut tempora ullam rerum. Rerum perspiciatis labore dolore voluptas esse numquam. Qui omnis modi rerum.', 0, '2020-06-14 05:57:38', '2020-06-14 05:57:38'),
(83, 95, 'Nelson McGlynn MD', 'Quia sit ea corrupti consequatur. Ea eaque quae vel quia aut quia laborum. Dicta in ratione culpa excepturi aut.', 4, '2020-06-14 05:57:38', '2020-06-14 05:57:38'),
(84, 29, 'Braden Bergstrom', 'Aut labore voluptatem eum est temporibus. Quae et velit quis reprehenderit. Excepturi error et nam tenetur quas est. Sit perferendis exercitationem non sint quibusdam reiciendis qui error.', 0, '2020-06-14 05:57:38', '2020-06-14 05:57:38'),
(85, 84, 'Makenzie Turner', 'Ut neque et iusto soluta aut qui molestiae neque. Quis esse quaerat nihil ipsum quia ullam architecto. Et voluptatem veniam incidunt voluptas officia.', 3, '2020-06-14 05:57:38', '2020-06-14 05:57:38'),
(86, 14, 'Chanelle Terry', 'Veritatis quae qui et aspernatur earum doloribus qui. Aut praesentium voluptatem dolor sunt cupiditate eligendi et. Aut soluta atque sunt. Voluptates saepe dignissimos voluptatibus quis.', 3, '2020-06-14 05:57:38', '2020-06-14 05:57:38'),
(87, 89, 'Monty McDermott', 'Ea tenetur ipsum praesentium consequatur quia. Eius reiciendis voluptatibus aut est aut corporis magnam. Velit quo deserunt culpa qui minus.', 2, '2020-06-14 05:57:38', '2020-06-14 05:57:38'),
(88, 19, 'Horacio Kunze MD', 'Officiis et ut quaerat consequatur soluta possimus. Animi placeat minima at sed. Ut non quod quam sit voluptatem qui sunt ipsum. Voluptatem qui magnam voluptatum quaerat voluptatibus quisquam aut doloribus.', 4, '2020-06-14 05:57:38', '2020-06-14 05:57:38'),
(89, 59, 'Coleman Sauer', 'Non quis numquam nisi quaerat hic quae velit. Quia neque reprehenderit est voluptatem consequatur sequi fugiat. Voluptas quae tempore voluptas at in est voluptas. Rerum fugiat dignissimos non non.', 1, '2020-06-14 05:57:38', '2020-06-14 05:57:38'),
(90, 47, 'Nikki Stroman', 'Ullam qui distinctio atque quas. Magnam adipisci voluptatem dignissimos accusantium eos. Veritatis sint blanditiis omnis sed quaerat.', 4, '2020-06-14 05:57:38', '2020-06-14 05:57:38'),
(91, 38, 'Howell Zboncak', 'Earum in dolores autem sequi eveniet id est. Suscipit deserunt maxime sapiente. Voluptas molestiae incidunt enim sit. Iure ad soluta aut eos natus sit aspernatur.', 0, '2020-06-14 05:57:38', '2020-06-14 05:57:38'),
(92, 82, 'Bradly Dickens', 'Et ullam nostrum fuga. Provident quisquam beatae eum quos. Minus qui voluptas dolorum qui.', 1, '2020-06-14 05:57:38', '2020-06-14 05:57:38'),
(93, 48, 'Dr. Kelvin Heathcote', 'Distinctio aut et doloremque omnis aut eveniet hic quia. Quo qui sunt corrupti molestias molestiae. Quibusdam distinctio ut nostrum. Quis dolores non vel voluptatem maxime omnis reprehenderit.', 3, '2020-06-14 05:57:38', '2020-06-14 05:57:38'),
(94, 59, 'Mr. Prince Dicki III', 'Facere rerum et animi consequuntur. Adipisci rerum odit qui aut odio. Quam et vero alias culpa magnam natus. Eos sint quibusdam sed dolores.', 0, '2020-06-14 05:57:38', '2020-06-14 05:57:38'),
(95, 52, 'Mr. Obie Fay', 'Asperiores expedita non eum tempore sint. Laudantium vel eligendi qui voluptas sit. Autem maxime maxime nulla tempore. Ad laboriosam voluptatum fugit vero officiis.', 5, '2020-06-14 05:57:38', '2020-06-14 05:57:38'),
(96, 79, 'April Cartwright', 'Omnis aut dolorum impedit eos. Doloribus nulla voluptatem possimus ipsa. Optio quae occaecati voluptatem et.', 3, '2020-06-14 05:57:38', '2020-06-14 05:57:38'),
(97, 27, 'Rodger Yundt', 'Dolorum culpa rem reprehenderit minus dolor. Itaque doloremque sed voluptates velit occaecati aut libero aspernatur. In optio consequatur incidunt sequi aut sunt.', 1, '2020-06-14 05:57:38', '2020-06-14 05:57:38'),
(98, 5, 'Dr. Tianna Berge IV', 'Recusandae quaerat accusantium consequatur suscipit aut. Sunt vel atque doloribus eligendi esse. Dolores optio et neque tenetur porro quis. Et sit fuga temporibus placeat.', 2, '2020-06-14 05:57:38', '2020-06-14 05:57:38'),
(99, 43, 'Fritz Reichert DVM', 'Hic consequatur quam eligendi adipisci fuga dignissimos. Aspernatur quidem eos id inventore delectus sint sapiente reprehenderit. Maxime omnis nulla recusandae deleniti esse ea. Quae fugit tempore laboriosam quisquam.', 2, '2020-06-14 05:57:38', '2020-06-14 05:57:38'),
(100, 35, 'Mr. Santino Larson Sr.', 'Aut enim sed omnis consectetur assumenda inventore itaque. Quis voluptatibus ipsum omnis repellendus quaerat. Dolor nihil vel veritatis et voluptatem omnis dolores. Sunt voluptas molestias blanditiis ut quasi cumque suscipit.', 3, '2020-06-14 05:57:38', '2020-06-14 05:57:38'),
(101, 94, 'Miss Else Hackett', 'Error ut similique labore corrupti vitae. Quisquam nisi qui et. Iste maiores ut officiis consequuntur sunt. Corporis ipsam omnis quia eum ea est quos numquam. Ut consectetur quis et quisquam.', 2, '2020-06-14 05:57:38', '2020-06-14 05:57:38'),
(102, 64, 'Tristian Welch', 'A nemo ab nihil nisi rerum velit. Tenetur omnis ut mollitia omnis eos sed. Pariatur modi ducimus hic in doloribus. Ab libero est aperiam aliquid vel atque minima.', 2, '2020-06-14 05:57:38', '2020-06-14 05:57:38'),
(103, 88, 'Maximilian Williamson III', 'Aut quam vel molestiae occaecati at quia. Et sequi voluptatibus labore repellendus quas ut. Numquam doloremque nihil illum fugit.', 4, '2020-06-14 05:57:38', '2020-06-14 05:57:38'),
(104, 27, 'Mrs. Kelsi Greenholt I', 'Assumenda voluptatum eum et et debitis ut. Omnis reprehenderit sint cum et eveniet ut est. Voluptatem nobis voluptate qui quo est autem. Reprehenderit qui similique cumque omnis nihil sed.', 2, '2020-06-14 05:57:38', '2020-06-14 05:57:38'),
(105, 46, 'Mr. Marques Weimann V', 'Quod inventore aperiam rerum enim quia quisquam. Cumque rerum non voluptatem ipsum ut ut. Sit architecto placeat est sit.', 1, '2020-06-14 05:57:38', '2020-06-14 05:57:38'),
(106, 56, 'Mr. Arnold Gusikowski', 'Illo incidunt odit nesciunt et tempore pariatur aliquam voluptatem. Adipisci quia accusamus doloribus doloremque. Tempora blanditiis quia eos deleniti non facilis. Commodi et vel officia ullam sit minima vel. Sed hic eveniet voluptatibus nostrum labore vitae.', 2, '2020-06-14 05:57:38', '2020-06-14 05:57:38'),
(107, 20, 'Mario Shields', 'Velit nostrum ipsam harum voluptates. Et quaerat mollitia voluptas est aliquam cumque qui. Distinctio tenetur eum qui ut quaerat quidem. At a dignissimos nisi esse.', 0, '2020-06-14 05:57:38', '2020-06-14 05:57:38'),
(108, 41, 'Cassandra Borer', 'Culpa nulla id in repellendus quo architecto. Tenetur natus aut aut. Ab qui mollitia fuga ut deserunt. Atque magni illum adipisci quia perspiciatis.', 3, '2020-06-14 05:57:38', '2020-06-14 05:57:38'),
(109, 34, 'Eden Wehner MD', 'Quisquam assumenda facere laborum reprehenderit culpa. Optio quisquam officiis nisi atque beatae nihil ut ipsa.', 4, '2020-06-14 05:57:38', '2020-06-14 05:57:38'),
(110, 71, 'Aiden Jast', 'Soluta sed assumenda voluptatum. Dolorum ea illo doloribus dolorem. Sunt consectetur earum ea repellat sed laborum et.', 1, '2020-06-14 05:57:38', '2020-06-14 05:57:38'),
(111, 36, 'Mohammed Bashirian', 'Nam vero provident velit quis consequuntur sequi itaque. Dolore error magni reprehenderit officiis eos omnis voluptatem eum. Perferendis libero veniam incidunt odio ipsum.', 0, '2020-06-14 05:57:38', '2020-06-14 05:57:38'),
(112, 57, 'Kelli Grady PhD', 'Similique fuga eum praesentium ut ipsum vero ut. Voluptas a repudiandae itaque fugit. Assumenda ipsum provident aperiam voluptatem ea est aut.', 2, '2020-06-14 05:57:38', '2020-06-14 05:57:38'),
(113, 30, 'Abbie Botsford', 'Id et minima sunt quae porro sit. Et nihil quis reprehenderit delectus quia natus reprehenderit. Optio id vitae sit soluta.', 5, '2020-06-14 05:57:38', '2020-06-14 05:57:38'),
(114, 20, 'Alexandria Bednar', 'Nihil aliquam quaerat distinctio rem consequuntur ut dolores. Nesciunt sed ducimus et commodi in. Ut eius placeat porro delectus facere pariatur quis. Aut impedit ullam voluptatem quaerat nesciunt voluptatem.', 0, '2020-06-14 05:57:38', '2020-06-14 05:57:38'),
(115, 71, 'Grace Durgan', 'Doloremque expedita totam occaecati distinctio. Ad quasi non maxime vel saepe quaerat molestiae aliquam. Et deserunt tempore occaecati voluptas eos.', 4, '2020-06-14 05:57:38', '2020-06-14 05:57:38'),
(116, 17, 'Quentin Will III', 'Voluptatem modi aut dignissimos at ab est deleniti. Veniam quia est doloribus pariatur aut. Aliquam aperiam culpa minima quibusdam est nesciunt dolores. Nobis labore quas labore magni. Quo et alias omnis debitis.', 3, '2020-06-14 05:57:38', '2020-06-14 05:57:38'),
(117, 60, 'Lilliana Tremblay', 'Maiores neque voluptas omnis omnis repellat. Ut velit impedit aut atque molestiae.', 1, '2020-06-14 05:57:38', '2020-06-14 05:57:38'),
(118, 98, 'Hipolito Boyle I', 'Et vel sed perspiciatis fugit rerum voluptas sed et. Itaque necessitatibus et tempore non quisquam tempora. Deleniti consectetur cumque fugit eveniet ipsam ut modi facilis.', 2, '2020-06-14 05:57:38', '2020-06-14 05:57:38'),
(119, 78, 'Kelton Cronin', 'Sunt qui consequuntur quos fuga rerum similique et. Ut facere qui non. Exercitationem inventore asperiores ipsum voluptate laboriosam molestiae. Reiciendis odit enim id consectetur tempora.', 3, '2020-06-14 05:57:38', '2020-06-14 05:57:38'),
(120, 52, 'Stella Kirlin V', 'Velit eos voluptatem at ipsum. Quis perferendis ratione repellat voluptas similique iure aut. Amet voluptas corrupti dolorem omnis ut amet et.', 4, '2020-06-14 05:57:38', '2020-06-14 05:57:38'),
(121, 70, 'Dr. Michale Mitchell', 'Neque consequatur distinctio architecto ullam. Necessitatibus ipsam saepe in ea. Quae dolores impedit voluptate omnis omnis.', 3, '2020-06-14 05:57:38', '2020-06-14 05:57:38'),
(122, 60, 'Orval Hoppe', 'Dolorum exercitationem incidunt id consequuntur tenetur. Alias est exercitationem repellendus deleniti dolorum. Veritatis iure quae consectetur eaque. Sequi odit a eum unde qui dolor.', 0, '2020-06-14 05:57:38', '2020-06-14 05:57:38'),
(123, 90, 'Milford Wunsch Jr.', 'Quos aut et optio quas architecto accusamus. Quia exercitationem hic eum suscipit consectetur ex reprehenderit. Vel et ullam veniam.', 1, '2020-06-14 05:57:38', '2020-06-14 05:57:38'),
(124, 95, 'Jackson Mante', 'Aut numquam est culpa quae quo. Ratione voluptatem repudiandae et et.', 2, '2020-06-14 05:57:38', '2020-06-14 05:57:38'),
(125, 3, 'Bessie Connelly', 'Explicabo ea et reiciendis voluptatem quisquam molestiae assumenda. Aliquid commodi sit eveniet sint. Nihil quibusdam facere fuga ratione incidunt nesciunt nam.', 1, '2020-06-14 05:57:38', '2020-06-14 05:57:38'),
(126, 46, 'Helga Will', 'Numquam beatae qui perferendis officiis eum sed. Qui molestiae accusantium quasi temporibus. Earum et explicabo aut ut qui. Earum possimus sint porro cupiditate.', 3, '2020-06-14 05:57:38', '2020-06-14 05:57:38'),
(127, 1, 'Elissa Metz', 'Ut consequuntur illum aut consequuntur non saepe odit eum. Porro vel voluptas placeat harum vero natus. Saepe est aut fuga cumque.', 2, '2020-06-14 05:57:38', '2020-06-14 05:57:38'),
(128, 76, 'Delia Connelly', 'Et quia fugiat qui et. Exercitationem aut modi in saepe quae ducimus ipsa. Vel aspernatur eum explicabo ea in nihil deserunt. Amet ut veniam consequatur saepe.', 0, '2020-06-14 05:57:38', '2020-06-14 05:57:38'),
(129, 73, 'Leif Berge', 'Eos quasi a beatae. Omnis et et qui et. Excepturi voluptatem veniam omnis rem voluptatibus.', 0, '2020-06-14 05:57:38', '2020-06-14 05:57:38'),
(130, 19, 'Kaitlin Prosacco', 'Saepe et est quasi sequi sunt. Nobis ad eos et iure at excepturi error aut.', 4, '2020-06-14 05:57:38', '2020-06-14 05:57:38'),
(131, 53, 'Jordi Gerhold', 'Ut quis atque minima necessitatibus. Expedita sint ullam rerum velit non. Adipisci impedit et odio tempore dignissimos.', 1, '2020-06-14 05:57:38', '2020-06-14 05:57:38'),
(132, 89, 'Yesenia Leffler', 'Optio repellat nulla ea porro delectus commodi. Id voluptates pariatur aut et optio fugit adipisci quibusdam. Aperiam corrupti molestias incidunt voluptas. Optio est explicabo in perspiciatis. Est suscipit sapiente in optio officiis.', 2, '2020-06-14 05:57:38', '2020-06-14 05:57:38'),
(133, 12, 'Dr. Jason Goodwin III', 'Ut dicta quia molestiae labore ad. Velit nobis iure assumenda soluta iste atque voluptatem. Est consequatur fugiat similique accusamus.', 1, '2020-06-14 05:57:38', '2020-06-14 05:57:38'),
(134, 26, 'Aryanna Torp', 'Temporibus hic soluta error quia omnis qui. Rerum nihil enim aut. Quas ea vitae tempore quaerat aspernatur.', 0, '2020-06-14 05:57:38', '2020-06-14 05:57:38'),
(135, 84, 'Macie Lehner', 'Non sit in accusamus animi. Culpa dolorem recusandae velit. Voluptates dignissimos rerum atque molestiae saepe. Magni qui ipsum nesciunt asperiores perspiciatis beatae.', 4, '2020-06-14 05:57:38', '2020-06-14 05:57:38'),
(136, 82, 'Rosina Grady', 'Saepe veniam natus commodi sint. Qui incidunt sequi nam perferendis voluptas. Sunt consequuntur cumque sunt impedit totam laboriosam culpa.', 3, '2020-06-14 05:57:38', '2020-06-14 05:57:38'),
(137, 75, 'Nannie O\'Kon', 'Ipsum quisquam impedit velit consequatur quibusdam aliquid. Sed ea illo maxime adipisci eveniet.', 3, '2020-06-14 05:57:38', '2020-06-14 05:57:38'),
(138, 47, 'Prof. Tess McLaughlin DDS', 'Magnam explicabo culpa dolor nesciunt non qui alias sunt. Aperiam reprehenderit perferendis consequuntur praesentium dolorum. Enim fugit sit et hic delectus sit.', 4, '2020-06-14 05:57:38', '2020-06-14 05:57:38'),
(139, 21, 'Miss Ashtyn Kovacek', 'Ad labore facilis ut tenetur soluta. Totam voluptatum est illo qui unde autem. Rem vero sunt sunt corporis blanditiis voluptas.', 0, '2020-06-14 05:57:38', '2020-06-14 05:57:38'),
(140, 66, 'Priscilla Gottlieb II', 'Maiores autem quas explicabo ut dolore nihil. Et harum et minima est dolorum recusandae est. Aspernatur explicabo perferendis neque sit est accusantium laudantium labore. Modi corporis voluptate omnis amet veritatis.', 5, '2020-06-14 05:57:38', '2020-06-14 05:57:38'),
(141, 35, 'Mr. Lafayette Trantow', 'Est vitae quis ipsa voluptatem corrupti. Facere asperiores eveniet reprehenderit ut qui. Illo libero delectus dolores sed.', 5, '2020-06-14 05:57:38', '2020-06-14 05:57:38'),
(142, 99, 'Miss Priscilla Bauch', 'Quia qui tenetur praesentium autem laborum quia totam. Corrupti assumenda nostrum tenetur nostrum dolorum reprehenderit ut. Necessitatibus rerum consequatur quasi est perferendis atque aliquam alias. Et consequuntur id corporis rerum quos vero est.', 2, '2020-06-14 05:57:38', '2020-06-14 05:57:38'),
(143, 71, 'Lillian Schulist', 'Praesentium voluptates inventore porro iusto. Odit incidunt beatae voluptatem repellat nihil enim porro. Aliquid quia odio itaque et neque cupiditate. Repellendus commodi dignissimos quia quibusdam dolorum esse.', 5, '2020-06-14 05:57:38', '2020-06-14 05:57:38'),
(144, 16, 'Prof. Frida Kirlin', 'Non omnis libero laboriosam id. At quas perspiciatis magni esse expedita nisi omnis.', 0, '2020-06-14 05:57:38', '2020-06-14 05:57:38'),
(145, 87, 'Dr. Donnell Oberbrunner', 'Exercitationem dolore quo maiores culpa cum ut. Vel aspernatur tempore natus quos voluptas quis. Possimus reiciendis corrupti doloremque ut.', 1, '2020-06-14 05:57:38', '2020-06-14 05:57:38'),
(146, 37, 'Merl Reinger', 'Modi voluptates quisquam molestiae in nihil. Explicabo tenetur quasi reiciendis sit hic porro.', 4, '2020-06-14 05:57:39', '2020-06-14 05:57:39'),
(147, 48, 'Heather Beahan', 'Nam omnis atque natus quae voluptates. Sunt explicabo veritatis nobis ut. Quia voluptatem qui id quam quo earum.', 1, '2020-06-14 05:57:39', '2020-06-14 05:57:39'),
(148, 27, 'Colten Skiles', 'Omnis laboriosam ipsa nemo nam et ipsum. Numquam voluptate rerum dolore est doloribus. Aut eius labore magnam a quia. Quia molestias earum explicabo voluptas est in facere.', 4, '2020-06-14 05:57:39', '2020-06-14 05:57:39'),
(149, 23, 'Misty Schuster PhD', 'Quia at tempora dolorem ratione rem provident. Sint minus et nemo et et. Et cupiditate ab quidem ex voluptatibus. Error vel enim ab hic rerum sequi. Totam voluptatem aut autem sit.', 2, '2020-06-14 05:57:39', '2020-06-14 05:57:39'),
(150, 40, 'Cayla Haag', 'Eaque nesciunt odit quo aut quod doloribus. Ab quisquam rerum ipsa modi voluptatem. Ipsa et blanditiis repudiandae nesciunt sunt.', 1, '2020-06-14 05:57:39', '2020-06-14 05:57:39'),
(151, 12, 'Dr. Adaline Kovacek', 'Ut sit sequi deleniti quas consectetur. Est magni delectus culpa voluptate. Quia adipisci sed est animi autem tempora. Quaerat animi aspernatur non voluptatem.', 0, '2020-06-14 05:57:39', '2020-06-14 05:57:39'),
(152, 68, 'Mr. Furman Sauer', 'Sequi tempore vel consectetur. Dolorum est est autem molestiae perspiciatis dolorem. Qui amet dolor et voluptatem ut enim.', 2, '2020-06-14 05:57:39', '2020-06-14 05:57:39'),
(153, 76, 'Jaren Volkman', 'Voluptatibus odit sed fuga vel modi non et. Vero enim pariatur praesentium eos. Eius et omnis iure ducimus. Temporibus et nisi non.', 3, '2020-06-14 05:57:39', '2020-06-14 05:57:39'),
(154, 71, 'Kelly Will', 'Itaque tempore beatae molestiae odit labore et saepe. Vel molestias qui quidem ipsum debitis enim. Veniam quisquam omnis enim eos in ea sit. Veritatis ea aut nobis iure ea ex nostrum velit.', 5, '2020-06-14 05:57:39', '2020-06-14 05:57:39'),
(155, 6, 'Omer Bogan', 'Eum animi fuga perferendis error esse enim et. Est aut culpa numquam hic est. Inventore et dicta voluptatibus facilis nisi voluptatibus. Quia omnis iusto nisi natus est mollitia. Ex cupiditate veniam facilis esse.', 4, '2020-06-14 05:57:39', '2020-06-14 05:57:39'),
(156, 91, 'Mrs. Yoshiko Hyatt Jr.', 'Hic sint quam et placeat aut. Ipsum consequatur et quidem officia. Asperiores accusantium perspiciatis dolorem.', 0, '2020-06-14 05:57:39', '2020-06-14 05:57:39'),
(157, 73, 'Mrs. Litzy Nienow Sr.', 'Eum labore consequatur distinctio. Consequuntur sed itaque cum cumque laborum. Est modi quia enim fugiat ut sunt.', 1, '2020-06-14 05:57:39', '2020-06-14 05:57:39'),
(158, 98, 'Adriana Nader', 'Quibusdam rerum optio aperiam eius. Sit quas dolores praesentium ex sapiente. Aut accusantium omnis modi aliquam et.', 5, '2020-06-14 05:57:39', '2020-06-14 05:57:39'),
(159, 32, 'Tara Grant', 'Quas harum aliquid rerum ad quos autem aut. Libero non et velit dolorum eligendi. Facilis incidunt quia quas laborum sint quia. Molestiae officia non similique et rem nobis sapiente.', 0, '2020-06-14 05:57:39', '2020-06-14 05:57:39'),
(160, 59, 'Prof. Cristobal Schultz DDS', 'Adipisci fuga error nostrum aliquam laborum qui. Fugiat consequatur debitis consequatur et consequatur aspernatur. Quisquam tenetur molestiae quisquam accusantium repellendus numquam. Est et magni provident et.', 4, '2020-06-14 05:57:39', '2020-06-14 05:57:39'),
(161, 5, 'Heber Conroy', 'Ab voluptatem id veniam labore. Eius non illum quas est enim ut sapiente. Accusantium temporibus doloremque perspiciatis dolor. Nesciunt doloribus ipsa deleniti.', 3, '2020-06-14 05:57:39', '2020-06-14 05:57:39'),
(162, 62, 'Wiley Kohler', 'Aut asperiores voluptas possimus voluptatibus et fugiat. Libero cum necessitatibus delectus quod illum. Eius soluta magnam deserunt odio perferendis numquam est.', 4, '2020-06-14 05:57:39', '2020-06-14 05:57:39'),
(163, 81, 'Elliott Braun III', 'Unde minima temporibus sint quisquam sed dolor blanditiis. Possimus fugit et qui ut suscipit excepturi. Debitis totam delectus vitae possimus.', 2, '2020-06-14 05:57:39', '2020-06-14 05:57:39'),
(164, 51, 'Emmanuelle Harris IV', 'Voluptas laudantium minima non voluptatum. Autem illum voluptatum et eum. Id autem nisi vel distinctio aperiam ut illum.', 0, '2020-06-14 05:57:39', '2020-06-14 05:57:39'),
(165, 2, 'Jarod Heaney', 'Dolorum totam iste in dolor voluptatum nam aspernatur. Fugiat occaecati mollitia suscipit et eveniet qui. Eos sapiente ducimus facilis quo.', 2, '2020-06-14 05:57:39', '2020-06-14 05:57:39'),
(166, 2, 'Haley Watsica', 'Et ad facere sit. Commodi esse aut enim consequatur architecto quia praesentium. Eaque molestias earum saepe atque et sit.', 0, '2020-06-14 05:57:39', '2020-06-14 05:57:39'),
(167, 58, 'Gisselle Pfeffer', 'Sint ad iusto perferendis. Accusamus rerum rem debitis asperiores qui omnis. Rerum vel unde deserunt doloribus non ut. Delectus hic qui aut. Repellendus qui vero quidem tenetur cumque ut repudiandae.', 2, '2020-06-14 05:57:39', '2020-06-14 05:57:39'),
(168, 63, 'Elna Haley DDS', 'Odio hic exercitationem sed distinctio voluptate fugit. Minima velit et sed est quas nesciunt sit. Ab vero sed dolorem et aliquam recusandae voluptates molestias. Ipsa fugiat sapiente aperiam deleniti perferendis. Aut dolor velit fugit quia est aut sit.', 2, '2020-06-14 05:57:39', '2020-06-14 05:57:39'),
(169, 31, 'Trenton Rowe', 'Officiis sapiente voluptates dolor cum ratione libero a. Ut eveniet dicta quos itaque nesciunt repellendus. Laboriosam delectus sed dolorum quis. Voluptatem assumenda atque eius enim quod in aut.', 3, '2020-06-14 05:57:39', '2020-06-14 05:57:39'),
(170, 75, 'Dr. Zack Ward DDS', 'Aut sit in tempore aut consequatur pariatur. Quae suscipit qui est ducimus reiciendis esse. Qui totam temporibus quisquam incidunt incidunt eveniet. Harum est voluptatum est qui aut fuga cum.', 1, '2020-06-14 05:57:39', '2020-06-14 05:57:39'),
(171, 85, 'Zackery Renner', 'Explicabo dolor qui dolores et. Aut in enim dolorum. Dolore dolor laborum molestiae aut molestias. Non vel eos eos et et.', 4, '2020-06-14 05:57:39', '2020-06-14 05:57:39'),
(172, 97, 'Nathan Champlin DDS', 'Rem perspiciatis eligendi perferendis sit. Suscipit quis omnis mollitia harum quisquam. Aut laboriosam natus nisi dolores.', 0, '2020-06-14 05:57:39', '2020-06-14 05:57:39'),
(173, 60, 'Dr. Columbus Von Jr.', 'Aut qui officia vitae accusantium impedit voluptatem. Mollitia harum assumenda nobis voluptatem omnis ducimus ad voluptates. Hic corrupti aliquid ipsam et quia aliquam. Assumenda dolorem itaque vero et rem.', 3, '2020-06-14 05:57:39', '2020-06-14 05:57:39'),
(174, 13, 'Tiana Schaefer', 'Qui illum id iste et et dolores. Vel eos voluptas laborum tempora perferendis.', 4, '2020-06-14 05:57:39', '2020-06-14 05:57:39'),
(175, 52, 'Marcelino Bogan', 'Ipsum laboriosam aspernatur corporis. Ut odit cumque quis.', 0, '2020-06-14 05:57:39', '2020-06-14 05:57:39'),
(176, 81, 'Loyce Collier', 'Culpa ipsa praesentium voluptate distinctio. Saepe eligendi et optio fugiat. Amet hic ducimus ipsam sunt sunt et. At sint doloribus enim id molestiae voluptas omnis.', 2, '2020-06-14 05:57:39', '2020-06-14 05:57:39'),
(177, 76, 'Amelia Conroy', 'Praesentium veritatis velit incidunt dolor. Quasi commodi et enim aut aut eum enim omnis. Nisi quo est quam soluta delectus.', 4, '2020-06-14 05:57:39', '2020-06-14 05:57:39'),
(178, 50, 'Pierre Lindgren', 'Non optio rerum qui dolore aut. Delectus accusantium qui qui excepturi impedit. Ea nemo praesentium voluptas accusantium fugit repudiandae. Reiciendis cumque et ullam quis perspiciatis mollitia doloremque.', 4, '2020-06-14 05:57:39', '2020-06-14 05:57:39'),
(179, 9, 'Oleta Johnson', 'Nam eius quos qui provident. Alias vel tempore soluta enim consequatur architecto pariatur consequatur. Iusto libero nesciunt maiores iure consectetur expedita.', 2, '2020-06-14 05:57:39', '2020-06-14 05:57:39'),
(180, 79, 'Malachi Johns', 'Aut ut ipsam quod fugiat corporis est ea. Recusandae quos consequatur enim nulla labore qui distinctio. Vitae error nobis qui doloremque.', 2, '2020-06-14 05:57:39', '2020-06-14 05:57:39'),
(181, 10, 'Reinhold Kreiger Sr.', 'Nulla ipsam earum inventore eos repudiandae in. Dignissimos occaecati rerum eos aut reprehenderit sunt beatae. Illo odio quis numquam perspiciatis est. Consequatur omnis modi eos adipisci.', 3, '2020-06-14 05:57:39', '2020-06-14 05:57:39'),
(182, 95, 'Enos Legros', 'Ea in nihil odio veritatis illum alias quibusdam commodi. Optio provident architecto quia porro deserunt. Enim qui itaque at eos non magnam. Delectus explicabo debitis commodi consequuntur porro soluta.', 2, '2020-06-14 05:57:39', '2020-06-14 05:57:39'),
(183, 41, 'Dale Harber DVM', 'Qui omnis sit aut provident ex. Provident eum fugiat autem rerum eos natus voluptate aut. Repellat nihil ex exercitationem saepe. Et eveniet nobis dolor aut. Amet natus ut incidunt.', 2, '2020-06-14 05:57:39', '2020-06-14 05:57:39'),
(184, 14, 'Prof. Felix Glover Sr.', 'Consequuntur atque ut velit facilis. Possimus doloremque et rem eveniet est. Beatae voluptatem similique repudiandae dolorum. Quos amet esse eum quibusdam ducimus dolore voluptatem.', 4, '2020-06-14 05:57:39', '2020-06-14 05:57:39'),
(185, 85, 'Prof. Lillie Hoeger', 'Aut rerum ullam voluptatem voluptatem ducimus. Corrupti iste mollitia atque id non quo facere esse. Nesciunt tenetur et illo. Velit est qui eum aut.', 5, '2020-06-14 05:57:39', '2020-06-14 05:57:39'),
(186, 63, 'Bryon Predovic', 'Saepe molestias officia pariatur dolor odio id quo. Facere rerum natus corporis ut repudiandae. Aperiam vero sequi ut illo.', 4, '2020-06-14 05:57:39', '2020-06-14 05:57:39'),
(187, 39, 'Fatima Emmerich', 'Dolorum a accusamus deleniti maiores non ut illo dolores. Debitis dicta id repellat cum. Labore aut quasi sapiente porro facilis tempora. Ratione qui consequatur nisi assumenda exercitationem cumque assumenda.', 0, '2020-06-14 05:57:39', '2020-06-14 05:57:39'),
(188, 39, 'Kelsie Schowalter', 'Nesciunt culpa enim doloremque id qui enim molestias eum. Dignissimos ad non impedit et dolorum maiores ut. Et et ratione rerum blanditiis rerum. Dignissimos sunt qui sit.', 4, '2020-06-14 05:57:39', '2020-06-14 05:57:39'),
(189, 49, 'Eden Cummerata', 'Quasi sit hic repellendus iusto minima sunt. Minima consequatur vel veritatis. Quis optio maiores rerum. Velit illum distinctio repudiandae. Eum nihil ab ipsum rerum sit rem.', 0, '2020-06-14 05:57:39', '2020-06-14 05:57:39'),
(190, 6, 'Darrick Fay PhD', 'Voluptate voluptatem excepturi sed vel velit ipsum omnis quasi. Odit sapiente et sed porro saepe. Maxime est consectetur earum placeat dignissimos debitis.', 5, '2020-06-14 05:57:39', '2020-06-14 05:57:39'),
(191, 99, 'Jasmin Parker IV', 'Odit rerum repellendus est consequatur consequuntur eius voluptates et. Rerum dolor maxime velit quibusdam. Dolor qui molestias nemo nemo fugit accusantium. Ratione sunt eius veniam soluta.', 0, '2020-06-14 05:57:39', '2020-06-14 05:57:39'),
(192, 14, 'Rhiannon Dickens V', 'Est nihil ipsam aut voluptate nisi. Aut sed at quae animi cum aliquam.', 2, '2020-06-14 05:57:39', '2020-06-14 05:57:39'),
(193, 49, 'Mrs. Jude Tillman', 'Iusto harum magni est. Facilis minima quasi cum ipsa. Repellendus veniam ea saepe voluptatem a fuga ipsam.', 1, '2020-06-14 05:57:39', '2020-06-14 05:57:39'),
(194, 19, 'Lilian Parisian', 'Modi eius rerum quas qui. Temporibus deserunt reiciendis omnis id quam occaecati. Eius dolores voluptate assumenda cum officia praesentium. Et sit explicabo laborum voluptas.', 1, '2020-06-14 05:57:39', '2020-06-14 05:57:39'),
(195, 56, 'Anika Volkman', 'Similique id nulla cum sed omnis et autem et. Magnam illum illo molestiae eum. Ea sit totam suscipit corrupti neque laboriosam. Voluptatem non assumenda tempora expedita consequatur.', 1, '2020-06-14 05:57:39', '2020-06-14 05:57:39'),
(196, 16, 'Wilfred Powlowski', 'Et sed facilis quia. Mollitia voluptate maxime in labore. Sit repudiandae consequatur non dolor.', 5, '2020-06-14 05:57:39', '2020-06-14 05:57:39'),
(197, 36, 'Miss Lenore Leuschke', 'Velit eius nobis ex eius. Non libero est beatae maiores. Esse et facere qui nam. Quo repellendus eveniet sed doloremque pariatur. Delectus voluptatem voluptates laboriosam est mollitia sint enim.', 2, '2020-06-14 05:57:39', '2020-06-14 05:57:39'),
(198, 56, 'Reese Nicolas', 'Dicta excepturi corporis voluptates aut saepe. Deleniti et animi veritatis maxime. Accusamus eaque quam nostrum quaerat. Voluptatem voluptatem numquam maiores ea nobis tenetur.', 4, '2020-06-14 05:57:39', '2020-06-14 05:57:39'),
(199, 14, 'Maureen Swaniawski', 'Omnis tempore dicta sed veniam delectus non omnis. Aut ipsum fuga officia. Sit reprehenderit nam sunt quam laboriosam animi. Et repellendus in ut.', 2, '2020-06-14 05:57:39', '2020-06-14 05:57:39'),
(200, 93, 'Abigale Howell DVM', 'Sunt quo iure quia minima voluptatem aut. Deserunt quia rerum aut modi atque. Laborum expedita sed aperiam consequuntur qui sapiente optio.', 3, '2020-06-14 05:57:39', '2020-06-14 05:57:39'),
(201, 54, 'Alejandra Nienow DDS', 'Est fugiat placeat quia eius aliquam magnam. Tenetur non laborum rerum. Eveniet odio inventore minima est accusantium. Molestiae enim deleniti aspernatur ut.', 0, '2020-06-14 05:57:39', '2020-06-14 05:57:39'),
(202, 82, 'Vinnie Nolan', 'Fugiat culpa nihil sit et magni porro est. Iste doloribus tenetur recusandae optio perspiciatis dolore cupiditate. Sit quo ab ab unde harum.', 3, '2020-06-14 05:57:39', '2020-06-14 05:57:39'),
(203, 34, 'Giovanna Hettinger', 'Quos ipsam quaerat facere et numquam quos. Quisquam vel fugiat sit rerum eum.', 1, '2020-06-14 05:57:39', '2020-06-14 05:57:39'),
(204, 9, 'Deshaun Parisian', 'Eligendi similique possimus illo. Necessitatibus neque eius velit. Laboriosam quia et commodi placeat odio eos et tenetur.', 1, '2020-06-14 05:57:39', '2020-06-14 05:57:39'),
(205, 87, 'Cierra Leannon', 'Qui culpa sed odit id rerum. Ut maiores eum doloremque autem consequatur. Voluptatum cupiditate aut quia voluptatibus eveniet eos blanditiis. Rem quia vitae beatae magnam veniam itaque assumenda.', 1, '2020-06-14 05:57:39', '2020-06-14 05:57:39'),
(206, 51, 'Abby Moore MD', 'Eius ut aut maiores laboriosam. Tempora at omnis ea est ratione dolorem officiis. Sapiente aut ut aut qui dolor omnis nemo.', 3, '2020-06-14 05:57:39', '2020-06-14 05:57:39'),
(207, 8, 'Wilburn Boyer', 'Est aspernatur officiis incidunt dolores. Voluptatum est id blanditiis. Aspernatur qui ut aut illo est fugiat.', 2, '2020-06-14 05:57:39', '2020-06-14 05:57:39'),
(208, 86, 'Lysanne Wilkinson', 'Facere sed eos at facere rerum mollitia. Perspiciatis animi iusto omnis amet accusantium. Eius occaecati ex laborum expedita qui minus ut.', 0, '2020-06-14 05:57:39', '2020-06-14 05:57:39'),
(209, 57, 'Hattie Smitham', 'Vel eaque similique ex sapiente. Iste suscipit veniam iure doloribus blanditiis. Non at est voluptas dolor.', 0, '2020-06-14 05:57:39', '2020-06-14 05:57:39'),
(210, 3, 'Lilla Kreiger', 'Sed voluptas nostrum quia veniam quidem in illo. Et et non consequuntur dolorem. Sit quia eum aut laudantium consequatur.', 0, '2020-06-14 05:57:39', '2020-06-14 05:57:39');
INSERT INTO `reviews` (`id`, `product_id`, `customer`, `review`, `star`, `created_at`, `updated_at`) VALUES
(211, 56, 'Josephine Mertz', 'Voluptatem voluptatem deserunt cupiditate suscipit quibusdam ut maxime quod. Maiores ea qui nihil voluptas debitis magni laudantium. Reprehenderit et sequi molestiae ad laudantium deleniti. Sit nisi saepe tenetur aut doloremque.', 4, '2020-06-14 05:57:39', '2020-06-14 05:57:39'),
(212, 13, 'Myah Bahringer', 'Voluptas similique corrupti aut ducimus. Ducimus architecto voluptas reprehenderit reiciendis repudiandae sunt et vitae. Autem eos labore alias a qui sed ipsum.', 5, '2020-06-14 05:57:39', '2020-06-14 05:57:39'),
(213, 91, 'Prof. Roy Satterfield', 'Non aut sint id ex totam. Magni molestiae mollitia labore sunt soluta non praesentium.', 5, '2020-06-14 05:57:39', '2020-06-14 05:57:39'),
(214, 45, 'Layla Runolfsdottir', 'Ea ut optio temporibus sunt distinctio. Fugit vitae illo quae repellendus qui. Harum voluptate voluptatum blanditiis ad fuga libero.', 3, '2020-06-14 05:57:39', '2020-06-14 05:57:39'),
(215, 22, 'Rickey Renner', 'Placeat quos et ut ullam laboriosam. Ab et ut dolorem omnis et inventore nam aut. Tempore labore omnis sint omnis.', 1, '2020-06-14 05:57:39', '2020-06-14 05:57:39'),
(216, 76, 'Dahlia Kreiger', 'In quaerat natus odit. Sint et ea voluptas minima error.', 3, '2020-06-14 05:57:39', '2020-06-14 05:57:39'),
(217, 89, 'Ted Walker', 'Laborum id ipsam vero hic ea. Ducimus sint exercitationem maxime doloribus rem rerum.', 0, '2020-06-14 05:57:39', '2020-06-14 05:57:39'),
(218, 62, 'Candido Johns', 'Recusandae vitae exercitationem sit. Dolor sequi sapiente perspiciatis occaecati. Quis magni dolores iusto. Qui dolorum quis sequi qui et.', 2, '2020-06-14 05:57:39', '2020-06-14 05:57:39'),
(219, 94, 'Cordelia Conn', 'Accusamus est pariatur iusto voluptatem tenetur eos. Optio quos dolorem ut eaque est dicta. Qui quaerat facilis delectus sed voluptas dignissimos enim.', 5, '2020-06-14 05:57:39', '2020-06-14 05:57:39'),
(220, 1, 'Branson Mayert', 'Minima neque eius at sed ut fugit et. Officia nihil et asperiores in velit illo dolor. Repellendus unde voluptas eos sed.', 3, '2020-06-14 05:57:39', '2020-06-14 05:57:39'),
(221, 36, 'Tierra Windler', 'Nemo praesentium totam voluptas et fuga quia quos et. Autem non adipisci expedita repellendus qui voluptas quas. Quo numquam adipisci nemo voluptatum.', 4, '2020-06-14 05:57:39', '2020-06-14 05:57:39'),
(222, 94, 'Henri White PhD', 'Sint qui adipisci et et impedit. Voluptatem facere assumenda quo ducimus quia. Totam id molestiae aut autem.', 5, '2020-06-14 05:57:39', '2020-06-14 05:57:39'),
(223, 96, 'Jammie Hill', 'Quis qui magnam nemo cupiditate sed ut. Ut dignissimos voluptatem qui voluptates eum sit nostrum debitis. Doloremque sunt ut dolores eos.', 0, '2020-06-14 05:57:39', '2020-06-14 05:57:39'),
(224, 37, 'Granville Von', 'Porro quas molestias et. Expedita ratione explicabo voluptatem et dolorum ut. Quis labore quia neque consectetur omnis dolorem.', 3, '2020-06-14 05:57:39', '2020-06-14 05:57:39'),
(225, 23, 'Chester Harvey', 'Sapiente ipsam labore voluptatum enim eum illo. Provident aliquam labore qui voluptatem aspernatur facilis. Consequatur molestias atque cum tempore voluptatem id facilis magnam. Animi mollitia sit sint animi autem enim nisi.', 4, '2020-06-14 05:57:39', '2020-06-14 05:57:39'),
(226, 26, 'Doug Huels', 'Dolores impedit facere incidunt quia quaerat distinctio. Nihil eligendi tempora dolorem voluptas quidem harum. Rerum ab rerum et ex modi rerum. Sit qui ad nulla est.', 0, '2020-06-14 05:57:39', '2020-06-14 05:57:39'),
(227, 32, 'Bertram Wiegand', 'Maiores sint quo consequatur. Voluptatibus perferendis est exercitationem qui aspernatur ea. Quasi quis alias sunt quas. Eveniet repellendus dolorem fugit culpa commodi sit.', 4, '2020-06-14 05:57:39', '2020-06-14 05:57:39'),
(228, 57, 'General Goldner', 'Rerum at libero deleniti ut. Non sapiente necessitatibus quia soluta aperiam repudiandae sit. Atque ducimus est quisquam quis deleniti dolore.', 0, '2020-06-14 05:57:39', '2020-06-14 05:57:39'),
(229, 6, 'Miss Leonor Zulauf', 'Quis voluptas et omnis dolores iusto debitis iure. Aut cupiditate et corporis consequatur eius qui maiores. Quia cumque neque qui iusto aut reprehenderit. Repellendus quia eaque optio et.', 3, '2020-06-14 05:57:39', '2020-06-14 05:57:39'),
(230, 91, 'Felton Stanton', 'Et error voluptatum quo. Laborum ex porro sed reiciendis. Dolorem reiciendis quis rerum ex quidem consequatur repellat quisquam. Iusto nobis qui minus tempora cupiditate.', 3, '2020-06-14 05:57:39', '2020-06-14 05:57:39'),
(231, 11, 'Dr. Chandler Towne V', 'Ut porro est rerum accusamus laborum reiciendis est. Et voluptates rerum ut deleniti a recusandae. Omnis aliquid rem quia. Quibusdam dolor veniam delectus sed molestias non rem.', 5, '2020-06-14 05:57:39', '2020-06-14 05:57:39'),
(232, 14, 'Mr. Garrison Auer MD', 'Ab qui atque eaque et libero. Doloremque qui quia architecto ut dolores qui recusandae ipsum. Et qui temporibus sed rem est qui dolor.', 2, '2020-06-14 05:57:39', '2020-06-14 05:57:39'),
(233, 36, 'Royce Kshlerin', 'Earum suscipit corporis minus hic voluptatum repellendus perspiciatis dolorum. Repudiandae autem blanditiis tempora natus. Molestiae maxime et eaque id omnis. Id voluptatum eos reiciendis sequi cum.', 3, '2020-06-14 05:57:39', '2020-06-14 05:57:39'),
(234, 94, 'Darryl Stark DDS', 'Quos veniam veritatis aut facere. Quis vero nostrum corrupti minus ipsum molestiae.', 1, '2020-06-14 05:57:39', '2020-06-14 05:57:39'),
(235, 51, 'Velma Lehner I', 'Aut sed eligendi et sit neque cupiditate libero. Eos aspernatur magnam in laborum sint voluptas. Non rerum ea voluptas. Voluptatem vel voluptatem nisi aut enim architecto pariatur.', 4, '2020-06-14 05:57:39', '2020-06-14 05:57:39'),
(236, 64, 'Axel Collier V', 'Sit cum aut et ut. Qui voluptas rerum odit iste numquam quo repellat ut. Maiores sit consectetur ut eum.', 2, '2020-06-14 05:57:39', '2020-06-14 05:57:39'),
(237, 93, 'Miss Fabiola Kuphal', 'Aut cum provident ut. Molestiae sit explicabo blanditiis illo ipsam dolor. Autem rerum aspernatur animi ipsam porro rerum reprehenderit.', 4, '2020-06-14 05:57:39', '2020-06-14 05:57:39'),
(238, 5, 'Isai Pfannerstill', 'Consequatur ratione quisquam quasi unde. Rem perspiciatis odit quis omnis sunt qui hic.', 5, '2020-06-14 05:57:39', '2020-06-14 05:57:39'),
(239, 41, 'Granville McDermott', 'Minus aperiam nisi saepe consequatur deleniti distinctio animi. Voluptas labore ut architecto fugit in expedita. Quaerat dignissimos dolor vitae excepturi fuga minus.', 5, '2020-06-14 05:57:39', '2020-06-14 05:57:39'),
(240, 97, 'Juwan Marks', 'Voluptatem aspernatur laboriosam vitae officia atque saepe aut sunt. Officia iure quia quaerat ex. Dolor dolorem molestiae non quia.', 1, '2020-06-14 05:57:39', '2020-06-14 05:57:39'),
(241, 26, 'Carmela West III', 'Suscipit sapiente cupiditate voluptas. Quibusdam veritatis nulla sunt eum maiores voluptates. Quo recusandae voluptatum placeat possimus et quidem id qui.', 1, '2020-06-14 05:57:39', '2020-06-14 05:57:39'),
(242, 40, 'Savanna Lindgren', 'Quam praesentium qui rerum rerum qui soluta. Distinctio harum eius est dolorem ducimus ea necessitatibus. Distinctio autem et possimus quisquam. Dolorum rerum tenetur iste suscipit nihil.', 4, '2020-06-14 05:57:39', '2020-06-14 05:57:39'),
(243, 74, 'Mabel Botsford MD', 'Repellat qui illo rerum atque doloribus dolorum voluptatum vel. Aut aliquam sed praesentium asperiores eaque eaque labore. Aut ratione adipisci tempore quae ex et est. Est omnis culpa molestiae vel voluptatem.', 5, '2020-06-14 05:57:39', '2020-06-14 05:57:39'),
(244, 55, 'Hailee Wunsch', 'Sequi aperiam nihil eum iure. Minima dicta voluptatem ipsam aperiam corporis quibusdam consectetur. Voluptatibus quis quia pariatur sint dolorum nihil. Reprehenderit molestias asperiores omnis vitae explicabo.', 0, '2020-06-14 05:57:39', '2020-06-14 05:57:39'),
(245, 7, 'Elwin Weimann', 'Blanditiis nisi aspernatur nisi aliquid sint. Numquam dolores necessitatibus totam. Eos quo omnis deserunt mollitia alias. Eius praesentium ipsum tenetur voluptatem quidem.', 5, '2020-06-14 05:57:39', '2020-06-14 05:57:39'),
(246, 40, 'Garrett Murazik V', 'Repudiandae natus neque et magni sed architecto. Numquam fugiat ipsam architecto numquam neque nostrum provident accusamus. Corporis reprehenderit modi eum inventore dignissimos aut. Itaque quia aut recusandae dolor accusantium sint eveniet.', 5, '2020-06-14 05:57:39', '2020-06-14 05:57:39'),
(247, 70, 'Prof. Arnaldo VonRueden I', 'Accusantium omnis reprehenderit consequuntur iusto. Libero voluptatem dolores explicabo maiores error eos temporibus. Possimus non sint consectetur aut nobis. Eos et aut similique aperiam pariatur.', 3, '2020-06-14 05:57:39', '2020-06-14 05:57:39'),
(248, 4, 'Adolfo Schowalter', 'Quia non rerum molestiae ipsa laborum error optio. Et consequuntur ut autem quis excepturi. Aliquid et rerum praesentium necessitatibus et error nisi dolores. Placeat recusandae repellendus pariatur dolores impedit magnam.', 4, '2020-06-14 05:57:39', '2020-06-14 05:57:39'),
(249, 8, 'Sharon McGlynn', 'Occaecati distinctio aut tempore culpa eum autem eveniet quam. Dicta maiores minima fugit consequatur voluptatibus. Quisquam dolor et ab facere alias amet eius.', 3, '2020-06-14 05:57:39', '2020-06-14 05:57:39'),
(250, 4, 'Ashlynn VonRueden', 'A fugit dolor sint velit aut quibusdam. Voluptates qui a aliquam accusantium ea aspernatur. Consectetur maxime aut qui voluptatem architecto consequuntur. Nobis velit dicta provident natus sed qui reiciendis et.', 4, '2020-06-14 05:57:39', '2020-06-14 05:57:39'),
(251, 39, 'Mrs. Sydnee Schmidt DVM', 'Ut commodi dignissimos nobis temporibus debitis at et corporis. Occaecati impedit vero non magni aut asperiores. Sed quo laudantium quae vitae totam soluta. Eius velit voluptate ut doloribus esse.', 3, '2020-06-14 05:57:39', '2020-06-14 05:57:39'),
(252, 60, 'Alexie Bednar', 'In quis quis rerum enim. Accusantium similique velit alias. Consectetur quos eius sit quo.', 1, '2020-06-14 05:57:39', '2020-06-14 05:57:39'),
(253, 68, 'Mr. Ronny Gorczany', 'Sunt qui deleniti temporibus sit non. Ducimus quasi ea reiciendis aut. Quod voluptatum eligendi deserunt harum vel fugiat. Veniam quia nam ut qui dolor occaecati.', 5, '2020-06-14 05:57:39', '2020-06-14 05:57:39'),
(254, 20, 'Torrance Hane', 'A dolorem tempore animi sunt deleniti aliquam. Dolorem minima laudantium maiores ducimus. Rerum porro blanditiis consequatur illum quod. Sunt enim repellendus quae ut.', 1, '2020-06-14 05:57:39', '2020-06-14 05:57:39'),
(255, 80, 'Alyce Durgan', 'Nostrum tenetur autem ut. Facilis qui architecto natus porro. Id reprehenderit blanditiis quis nostrum aut.', 5, '2020-06-14 05:57:39', '2020-06-14 05:57:39'),
(256, 32, 'Eudora Ortiz', 'Quis itaque iusto nisi. Ea est corporis excepturi nulla velit tempora quam. Minus assumenda aut non illum.', 3, '2020-06-14 05:57:39', '2020-06-14 05:57:39'),
(257, 79, 'Mrs. Laury Jast', 'Esse tempore aliquam expedita. Est sunt sit nemo dolores. Et repudiandae dignissimos sed incidunt incidunt.', 5, '2020-06-14 05:57:40', '2020-06-14 05:57:40'),
(258, 9, 'Adelbert Larkin', 'Et eum perferendis aut eos qui possimus omnis. Ut harum nemo aut at nobis veritatis sunt. Sequi earum non dicta non et. Esse id aut porro itaque quas.', 5, '2020-06-14 05:57:40', '2020-06-14 05:57:40'),
(259, 88, 'Neil Lesch', 'Quibusdam doloribus et in dolor laborum et optio maxime. Mollitia modi aut voluptatum. Non quis reprehenderit ea enim. Aut ipsa illum ut blanditiis ducimus.', 5, '2020-06-14 05:57:40', '2020-06-14 05:57:40'),
(260, 52, 'Tyler Barton Jr.', 'Tempora sint aperiam modi eveniet et aliquam perferendis. Molestias sunt voluptatum nisi veniam ipsum id id. Et enim magnam labore iure omnis.', 2, '2020-06-14 05:57:40', '2020-06-14 05:57:40'),
(261, 77, 'Prof. Rod Dach III', 'Quisquam eos et qui. Ex error quas error. Voluptate est sit voluptate dignissimos reiciendis.', 2, '2020-06-14 05:57:40', '2020-06-14 05:57:40'),
(262, 12, 'Miss Ruth Klocko III', 'Tempora sint facere libero. Voluptatum provident amet minima magni. Magnam rerum atque voluptas sed tempora quae sequi nesciunt.', 3, '2020-06-14 05:57:40', '2020-06-14 05:57:40'),
(263, 90, 'Armani Reichel', 'Dolor id dolores enim est dolor. Id perferendis molestiae saepe debitis quibusdam. Officia nesciunt consequuntur quidem. Non dolorem vel explicabo voluptatem ut magni.', 2, '2020-06-14 05:57:40', '2020-06-14 05:57:40'),
(264, 97, 'Evalyn Dare', 'Ut sit sed dolores maiores facere magnam. Aliquam sit expedita sint eligendi. Corporis consequatur in velit molestiae et natus ea. Iste tenetur ut laborum est ut illum enim.', 3, '2020-06-14 05:57:40', '2020-06-14 05:57:40'),
(265, 54, 'Kaela Stanton', 'Neque placeat consequatur et corrupti quam amet eius repellendus. Illum quas cum fugit asperiores rem.', 1, '2020-06-14 05:57:40', '2020-06-14 05:57:40'),
(266, 27, 'Dr. Burnice Rodriguez', 'Tempora sequi autem non et. Ea hic suscipit laboriosam ut in. Qui consequatur mollitia voluptatibus omnis.', 5, '2020-06-14 05:57:40', '2020-06-14 05:57:40'),
(267, 19, 'Camron Kuhic', 'Et fugiat voluptatem quis dolores quo architecto. Quam occaecati quasi fugit repudiandae ut. Saepe itaque itaque ab nam ab autem.', 0, '2020-06-14 05:57:40', '2020-06-14 05:57:40'),
(268, 16, 'Linnie Jacobs', 'Et quia vitae nihil amet rerum natus. Praesentium sint enim unde aperiam. Fuga quis quos excepturi nobis similique.', 5, '2020-06-14 05:57:40', '2020-06-14 05:57:40'),
(269, 31, 'Aurore Morissette', 'Voluptas saepe magnam laborum animi ut animi sunt qui. Molestiae quis accusantium dolorem dolores. Reiciendis minima qui tempora a ipsam consectetur fugiat.', 5, '2020-06-14 05:57:40', '2020-06-14 05:57:40'),
(270, 21, 'Dr. Clotilde Jones', 'Pariatur dolores accusantium deserunt dolores reiciendis dolorem minima. Et excepturi consequuntur possimus est occaecati odit. Ipsam alias dolorum inventore mollitia vitae optio quia et. Voluptatem vitae necessitatibus asperiores suscipit rem est. Ut repellendus repudiandae vel non.', 3, '2020-06-14 05:57:40', '2020-06-14 05:57:40'),
(271, 32, 'Dr. Camryn Larson', 'Fuga itaque earum dolorem debitis. Voluptatem labore eaque voluptatibus aliquid. Cum dolores accusamus officiis quae adipisci. Dolorum expedita eos distinctio perferendis ipsum nihil.', 2, '2020-06-14 05:57:40', '2020-06-14 05:57:40'),
(272, 73, 'Piper Kling MD', 'Nisi et voluptas pariatur molestias. Ab id ut commodi libero. Dolorum nihil voluptatem placeat nostrum quia. Tempora veniam deleniti fugiat rerum earum placeat saepe eveniet.', 2, '2020-06-14 05:57:40', '2020-06-14 05:57:40'),
(273, 60, 'Vicky King', 'Non ut quisquam consequatur qui eos. Et illum saepe sequi iste pariatur. Illum voluptatem laborum aut optio.', 3, '2020-06-14 05:57:40', '2020-06-14 05:57:40'),
(274, 86, 'Donald Zulauf I', 'Quos et voluptatem a enim voluptatem. Ut rem numquam non rerum consectetur et. Nostrum amet qui quasi consequatur in expedita ipsum.', 5, '2020-06-14 05:57:40', '2020-06-14 05:57:40'),
(275, 55, 'Kathryn Barton', 'Magni perferendis ut et tenetur saepe. Facilis delectus odit qui est et in. Corporis enim sunt saepe sapiente laborum aut accusamus ipsum.', 0, '2020-06-14 05:57:40', '2020-06-14 05:57:40'),
(276, 47, 'Adrian O\'Keefe', 'Aliquam asperiores molestias minus repellat est nam. Blanditiis itaque numquam consequatur est qui. Consectetur officia molestias qui.', 2, '2020-06-14 05:57:40', '2020-06-14 05:57:40'),
(277, 50, 'Luther Ullrich IV', 'Quo aut amet porro similique et sed ullam saepe. Cumque sint autem optio iste vitae sit possimus. Recusandae repellendus rerum nostrum nihil. Quia deleniti exercitationem enim dicta quo pariatur dolores.', 5, '2020-06-14 05:57:40', '2020-06-14 05:57:40'),
(278, 41, 'Mrs. Kaya VonRueden', 'Occaecati esse autem beatae earum enim atque nihil. Pariatur rerum maiores inventore culpa. Esse aspernatur laudantium mollitia ut aut.', 3, '2020-06-14 05:57:40', '2020-06-14 05:57:40'),
(279, 39, 'Dr. Lysanne Lind DVM', 'Qui repudiandae et iure est. Commodi id id perspiciatis fugiat. Et quia architecto voluptate aperiam ab provident dolore.', 1, '2020-06-14 05:57:40', '2020-06-14 05:57:40'),
(280, 16, 'Imelda Hilpert', 'Exercitationem fuga consequatur dolores ipsam soluta aut deserunt. Id voluptates necessitatibus voluptas blanditiis asperiores dolor.', 2, '2020-06-14 05:57:40', '2020-06-14 05:57:40'),
(281, 60, 'Clementina Pollich', 'Incidunt expedita exercitationem eum eius et ipsam. Odit inventore eligendi eaque tempore alias. Sed dolores enim nostrum sapiente dolorem cupiditate.', 5, '2020-06-14 05:57:40', '2020-06-14 05:57:40'),
(282, 24, 'Colton Emmerich', 'Voluptatibus ut voluptates quia quod incidunt quia quisquam. Perferendis doloribus vitae aspernatur reprehenderit qui et. Doloribus consequuntur voluptatum esse neque impedit deserunt. Modi impedit dolorem deserunt illo voluptatem et non.', 4, '2020-06-14 05:57:40', '2020-06-14 05:57:40'),
(283, 42, 'Alexanne Hermiston DVM', 'Et harum quam tempore quia veritatis provident. Voluptatem rerum quisquam quia voluptatum similique.', 0, '2020-06-14 05:57:40', '2020-06-14 05:57:40'),
(284, 91, 'Breanne Veum', 'Animi id sunt enim. Dolores amet vel quae sed.', 3, '2020-06-14 05:57:40', '2020-06-14 05:57:40'),
(285, 65, 'Estevan Hintz', 'Velit eos ullam consequuntur. Quo et consequuntur harum eaque aut voluptate. Sequi et maxime officia exercitationem porro. Voluptas sit animi et voluptatem quos maiores.', 1, '2020-06-14 05:57:40', '2020-06-14 05:57:40'),
(286, 15, 'Dr. Selena Haley I', 'Rerum excepturi provident praesentium aut. Vel at sed eius atque aspernatur ut totam. Quibusdam hic omnis quia.', 1, '2020-06-14 05:57:40', '2020-06-14 05:57:40'),
(287, 4, 'Fermin Grant MD', 'Vero consequuntur mollitia in provident. Maiores consequatur quasi quibusdam earum. Numquam ut pariatur earum voluptatum asperiores asperiores explicabo aut. Dolorem eos error nostrum consequuntur aliquid voluptatem est.', 5, '2020-06-14 05:57:40', '2020-06-14 05:57:40'),
(288, 95, 'Ms. Genesis Abbott', 'Reiciendis commodi vel ab dolor. Odio vel iure eos odio. Mollitia dolore voluptatibus magnam illo ipsam non minus.', 4, '2020-06-14 05:57:40', '2020-06-14 05:57:40'),
(289, 49, 'Prof. Breana Blanda', 'Exercitationem amet dignissimos qui. Sed et non perspiciatis sed. Et cupiditate voluptatem quia eos at voluptatem. Ducimus voluptatibus sed accusantium. Iusto quis illo hic tenetur temporibus dolorum laudantium.', 0, '2020-06-14 05:57:40', '2020-06-14 05:57:40'),
(290, 74, 'Rosalee Marvin', 'Quo laboriosam velit sunt error. Debitis illo autem perspiciatis sed et. Ut nihil repudiandae qui omnis necessitatibus dolorem ut. Qui hic nobis ea voluptatibus debitis vel.', 1, '2020-06-14 05:57:40', '2020-06-14 05:57:40'),
(291, 68, 'Jayne Wilderman', 'Sed rerum in voluptas aut odit est. Sequi quia nostrum eius. Non natus illum veritatis officiis eos.', 4, '2020-06-14 05:57:40', '2020-06-14 05:57:40'),
(292, 62, 'Wellington Harber', 'Mollitia mollitia quasi ipsam laudantium. Id quas illo laboriosam. Aut sit dolor sunt delectus.', 5, '2020-06-14 05:57:40', '2020-06-14 05:57:40'),
(293, 79, 'Dr. America Bayer', 'Aut quidem impedit voluptatem unde ab odio. Quia nesciunt corporis ut sint. Molestiae veritatis nemo magnam dolor.', 2, '2020-06-14 05:57:40', '2020-06-14 05:57:40'),
(294, 19, 'Toy Trantow', 'Quos laborum illo perferendis. Sed repellendus ut dicta id. Laboriosam consectetur doloribus et fugiat rem voluptas ut.', 2, '2020-06-14 05:57:40', '2020-06-14 05:57:40'),
(295, 51, 'Kaci Roob', 'Nisi consequatur mollitia excepturi nisi aut enim. Sint rerum sit ea quo consequatur. Aut aut facere qui omnis quo cum.', 1, '2020-06-14 05:57:40', '2020-06-14 05:57:40'),
(296, 76, 'Mrs. Jackie Daugherty DDS', 'Tempore voluptatum distinctio magni. Autem iure aut eveniet omnis. Inventore quia ut repellendus dolor dolorem maiores.', 1, '2020-06-14 05:57:40', '2020-06-14 05:57:40'),
(297, 12, 'Magdalena Jacobson', 'Aliquam est saepe mollitia fuga ex. Rem odit quibusdam fugiat magni reprehenderit quia dicta cupiditate. Sed vitae laudantium quos repellat officiis corporis. Quis alias inventore dolorem id ipsum expedita dolores.', 5, '2020-06-14 05:57:40', '2020-06-14 05:57:40'),
(298, 85, 'Percy Yost', 'Dignissimos quos aut sint. Earum rerum libero nihil nihil.', 2, '2020-06-14 05:57:40', '2020-06-14 05:57:40'),
(299, 96, 'Mr. Carleton Predovic MD', 'Repudiandae omnis molestiae sit ut sed modi vitae. Dolorem autem laborum maiores vitae ullam vel sit. Et eos soluta accusamus et aut est facere.', 2, '2020-06-14 05:57:40', '2020-06-14 05:57:40'),
(300, 18, 'Miss Raina Blick I', 'Et voluptatem quo omnis aliquid officiis. Minima et eos ratione voluptas neque placeat. Labore necessitatibus consequuntur accusamus magnam modi pariatur exercitationem. Qui distinctio libero qui sit doloribus saepe vitae.', 4, '2020-06-14 05:57:40', '2020-06-14 05:57:40');

-- --------------------------------------------------------

--
-- Table structure for table `users`
--

CREATE TABLE `users` (
  `id` bigint(20) UNSIGNED NOT NULL,
  `name` varchar(191) COLLATE utf8mb4_unicode_ci NOT NULL,
  `email` varchar(191) COLLATE utf8mb4_unicode_ci NOT NULL,
  `email_verified_at` timestamp NULL DEFAULT NULL,
  `password` varchar(191) COLLATE utf8mb4_unicode_ci NOT NULL,
  `remember_token` varchar(100) COLLATE utf8mb4_unicode_ci DEFAULT NULL,
  `created_at` timestamp NULL DEFAULT NULL,
  `updated_at` timestamp NULL DEFAULT NULL
) ENGINE=InnoDB DEFAULT CHARSET=utf8mb4 COLLATE=utf8mb4_unicode_ci;

--
-- Indexes for dumped tables
--

--
-- Indexes for table `failed_jobs`
--
ALTER TABLE `failed_jobs`
  ADD PRIMARY KEY (`id`);

--
-- Indexes for table `migrations`
--
ALTER TABLE `migrations`
  ADD PRIMARY KEY (`id`);

--
-- Indexes for table `products`
--
ALTER TABLE `products`
  ADD PRIMARY KEY (`id`);

--
-- Indexes for table `reviews`
--
ALTER TABLE `reviews`
  ADD PRIMARY KEY (`id`),
  ADD KEY `reviews_product_id_index` (`product_id`);

--
-- Indexes for table `users`
--
ALTER TABLE `users`
  ADD PRIMARY KEY (`id`),
  ADD UNIQUE KEY `users_email_unique` (`email`);

--
-- AUTO_INCREMENT for dumped tables
--

--
-- AUTO_INCREMENT for table `failed_jobs`
--
ALTER TABLE `failed_jobs`
  MODIFY `id` bigint(20) UNSIGNED NOT NULL AUTO_INCREMENT;

--
-- AUTO_INCREMENT for table `migrations`
--
ALTER TABLE `migrations`
  MODIFY `id` int(10) UNSIGNED NOT NULL AUTO_INCREMENT, AUTO_INCREMENT=5;

--
-- AUTO_INCREMENT for table `products`
--
ALTER TABLE `products`
  MODIFY `id` int(10) UNSIGNED NOT NULL AUTO_INCREMENT, AUTO_INCREMENT=101;

--
-- AUTO_INCREMENT for table `reviews`
--
ALTER TABLE `reviews`
  MODIFY `id` int(10) UNSIGNED NOT NULL AUTO_INCREMENT, AUTO_INCREMENT=301;

--
-- AUTO_INCREMENT for table `users`
--
ALTER TABLE `users`
  MODIFY `id` bigint(20) UNSIGNED NOT NULL AUTO_INCREMENT;

--
-- Constraints for dumped tables
--

--
-- Constraints for table `reviews`
--
ALTER TABLE `reviews`
  ADD CONSTRAINT `reviews_product_id_foreign` FOREIGN KEY (`product_id`) REFERENCES `products` (`id`) ON DELETE CASCADE;
COMMIT;

/*!40101 SET CHARACTER_SET_CLIENT=@OLD_CHARACTER_SET_CLIENT */;
/*!40101 SET CHARACTER_SET_RESULTS=@OLD_CHARACTER_SET_RESULTS */;
/*!40101 SET COLLATION_CONNECTION=@OLD_COLLATION_CONNECTION */;
